brand,total_users_reached,total_cost,sponsored_products_s,sponsored_products_u,sponsored_brands_s,sponsored_brands_u,video_s,video_u,OTT_s,OTT_u,sponsored_display_s,sponsored_display_u,display_s,display_u,sales,converted_users
Brand CBrand GBrand LABrand LOBrand MBrand NBrand R,11138719,128035.83527999994,51621.059999999976,36620,0.0,0,724.51335,60393,19446.569600000013,476378,21.56,12,56222.13232999995,10565316,108413.18,16851
Brand CBrand GBrand LABrand LOBrand MBrand NBrand R,11612223,134707.39697999993,55737.30999999994,40627,0.0,0,852.8468399999995,65204,18246.943800000015,459897,25.09,16,59845.206339999975,11046479,201897.19,31856
Brand CBrand GBrand LABrand LOBrand MBrand NBrand R,12089665,146927.81796000001,58324.65000000001,42325,0.0,0,860.3412000000002,68390,25142.004550000034,552470,16.78,11,62584.042209999985,11426469,203117.96,31970
Brand CBrand GBrand LABrand LOBrand MBrand NBrand R,12362042,147096.19125999996,61678.96999999995,45534,0.0,0,885.1922399999995,71617,22706.443550000044,522973,11.9,9,61813.68546999995,11721909,228660.98,35568
Brand CBrand GBrand LABrand LOBrand MBrand NBrand R,12033060,138487.31110999986,56233.45999999993,41028,0.0,0,1052.4882000000016,79402,20203.267300000014,481734,19.090000000000003,14,60979.005609999935,11430882,230372.06,35052
Brand CBrand GBrand LABrand LOBrand MBrand NBrand R,12220864,140677.7582000001,56380.72000000004,41363,0.0,0,1020.01476,73620,19284.76605000002,454394,19.25,15,63973.00739000006,11651472,222634.89,34851
Brand CBrand GBrand LABrand LOBrand MBrand NBrand R,11524053,119893.42429999991,47048.97999999997,36749,0.0,0,756.7812299999995,52817,13355.560499999987,347824,10.919999999999998,7,58721.18256999995,11086656,215529.27,33747
Brand CBrand GBrand LABrand LOBrand MBrand NBrand R,12276072,136769.57483999996,48679.83,39167,0.0,0,1138.8973900000024,68610,22935.672850000017,577570,35.24000000000001,20,63979.934599999935,11590705,221514.28,35525
Brand CBrand GBrand LABrand LOBrand MBrand NBrand R,12284047,148733.95794999998,53644.64000000003,43901,0.0,0,999.8544299999996,57815,30754.713049999995,725880,16.09,11,63318.66046999996,11456440,221791.93,35903
Brand CBrand GBrand LABrand LOBrand MBrand NBrand R,12727389,145467.65556999997,56712.44000000002,44792,0.0,0,845.9069499999985,53049,25880.357749999977,667389,31.160000000000004,23,61997.79086999996,11962136,232952.24000000002,38247
Brand CBrand GBrand LABrand LOBrand MBrand NBrand R,12918639,160410.45223,50582.22000000002,39911,0.0,0,1055.42181,63195,44953.568549999974,786185,13.22,9,63806.02187,12029339,233843.49000000002,38082
Brand CBrand GBrand LABrand LOBrand MBrand NBrand R,12958165,167045.34795,55296.71999999997,40939,0.0,0,868.5297500000006,57500,43266.97990000005,801874,9.13,6,67603.98829999998,12057846,226643.8,36958
Brand CBrand GBrand LABrand LOBrand MBrand NBrand R,13266005,150043.41473,54546.790000000015,39168,0.0,0,787.6706900000001,60905,26498.602850000003,594034,21.49,14,68188.86118999997,12571884,222519.19,36101
Brand CBrand GBrand LABrand LOBrand MBrand NBrand R,14193832,152117.43713000015,59190.710000000065,39490,0.0,0,759.8746800000007,55218,17337.91075000008,329080,25.65,13,74803.29169999999,13770031,223152.25,36136
Brand CBrand GBrand LABrand LOBrand MBrand NBrand R,15777826,161679.43733000004,62148.00000000005,41547,0.0,0,771.2978599999991,49755,17255.295650000022,327673,36.14,18,81468.70381999997,15358833,233634.84,37144
Brand CBrand GBrand LABrand LOBrand MBrand NBrand R,16391858,168225.34386999998,64936.649999999994,46363,0.0,0,783.6168200000003,48423,16591.52120000004,323699,30.690000000000005,17,85882.86584999994,15973356,233327.99,36584
Brand CBrand GBrand LABrand LOBrand MBrand NBrand R,17038952,171761.81078000006,67881.34000000005,48133,0.0,0,781.005629999999,49011,16587.868999999995,317762,6.83,5,86504.76615000001,16624041,251661.23,40214
Brand CBrand GBrand LABrand LOBrand MBrand NBrand R,17865511,164112.98831999992,59406.79999999995,40916,0.0,0,872.8007399999992,62478,14482.550750000004,283971,21.17,14,89329.66682999996,17478132,239766.02000000002,39532
Brand CBrand GBrand LABrand LOBrand MBrand NBrand R,17705101,171179.73027,60376.9,41733,0.0,0,901.9749299999997,69495,17235.56085,312951,20.380000000000003,12,92644.91449,17280910,244609.75,39853
Brand CBrand GBrand LABrand LOBrand MBrand NBrand R,17584455,166940.54752999995,60494.149999999994,41759,0.0,0,1061.9836799999994,80539,15919.271499999984,294037,16.96,10,89448.18234999997,17168110,258341.74,40695
Brand CBrand GBrand LABrand LOBrand MBrand NBrand R,17370760,165276.02793999994,61725.83999999994,41740,0.0,0,998.650180000002,75649,15556.64594999996,285794,3.62,3,86991.27181000005,16967574,241311.16,39583
Brand CBrand GBrand LABrand LOBrand MBrand NBrand R,17378904,173529.2461799998,64761.74999999991,40637,0.0,0,1114.8240900000014,85573,15755.279249999963,290470,7.15,4,91890.24283999995,16962220,233681.93,38529
Brand CBrand GBrand LABrand LOBrand MBrand NBrand R,16298661,193626.31961999988,66666.84999999996,42840,0.0,0,1131.5878899999993,86117,33924.56155,684058,13.37,9,91889.95017999993,15485637,219361.85,35936
Brand CBrand GBrand LABrand LOBrand MBrand NBrand R,16526228,188515.20790999988,71851.41999999993,47782,0.0,0,1174.0357800000004,91155,22366.59855,503263,10.91,7,93112.24357999995,15884021,242500.69,39782
Brand CBrand GBrand LABrand LOBrand MBrand NBrand R,17109268,177524.61224000002,63341.75999999997,42788,0.0,0,1049.790050000002,80951,22317.26145000001,478414,18.39,12,90797.41074000005,16507103,246811.76,40351
Brand CBrand GBrand LABrand LOBrand MBrand NBrand R,16845992,179623.75636,61680.590000000026,41707,0.0,0,1240.9185300000004,77390,28409.199750000014,564705,14.63,10,88278.41807999997,16162180,238095.65000000002,38772
Brand CBrand GBrand LABrand LOBrand MBrand NBrand R,16902722,184933.69578999997,62965.519999999975,41698,0.0,0,1185.6874699999998,79112,25706.005850000038,513471,12.15,8,95064.33246999995,16268433,228104.19999999998,37610
Brand CBrand GBrand LABrand LOBrand MBrand NBrand R,16227973,175385.40308999998,63400.990000000005,40254,0.0,0,1116.1625700000009,85088,22875.101949999997,450486,11.95,7,87981.19856999998,15652138,220691.88,36604
Brand CBrand GBrand LABrand LOBrand MBrand NBrand R,17133110,175561.06501000002,69530.12,41097,0.0,0,1050.4362399999984,83346,20978.858699999997,422355,9.53,6,83992.12007000002,16586306,231719.74,37927
Brand CBrand GBrand LABrand LOBrand MBrand NBrand R,13011908,156597.33512000003,73605.93000000004,45450,0.0,0,1405.5894899999996,102230,25750.139299999966,597603,7.1000000000000005,6,55828.57633000002,12266619,233311.17,38147
Brand CBrand GBrand LABrand LOBrand MBrand NBrand R,9809317,163048.87187999982,86014.66999999993,55067,0.0,0,1522.0735699999998,113089,26348.608549999917,650015,25.800000000000004,16,49137.71975999996,8991130,266747.02999999997,44060
Brand CBrand GBrand LABrand LOBrand MBrand NBrand R,10308175,158088.11163,72520.49000000002,46480,0.0,0,1590.2390699999992,123065,31403.214899999977,827382,24.93,15,52549.237660000006,9311233,267017.27999999997,43472
Brand CBrand GBrand LABrand LOBrand MBrand NBrand R,12286568,189707.9271999999,74345.38000000003,48054,0.0,0,1657.9460200000003,123915,33565.489849999954,919092,12.13,7,80126.98132999988,11195500,263547.08999999997,42558
Brand CBrand GBrand LABrand LOBrand MBrand NBrand R,12424407,178545.90688999998,76420.88000000009,48915,0.0,0,1665.9206300000008,119659,33078.53534999994,933214,3.33,3,67377.24090999995,11322616,259224.35,41508
Brand CBrand GBrand LABrand LOBrand MBrand NBrand R,11872678,166394.26011999988,71620.34999999992,47492,0.0,0,1414.651770000001,110294,32569.885499999953,924540,15.78,11,60773.59285,10790341,244367.91999999998,39576
Brand CBrand GBrand LABrand LOBrand MBrand NBrand R,11578491,164806.8420999999,69203.90999999997,44805,0.0,0,2012.3425899999982,144507,32742.428749999985,922095,15.890000000000002,11,60832.27075999994,10467073,246356.72,39696
Brand CBrand GBrand LABrand LOBrand MBrand NBrand R,11404184,177410.99551999994,76588.02,50248,0.0,0,2057.051620000001,136267,34796.44399999993,992331,12.39,6,63957.0899,10225332,240327.49,38888
Brand CBrand GBrand LABrand LOBrand MBrand NBrand R,11701550,180465.47541000013,79895.04000000012,54065,0.0,0,1990.8672099999997,143613,33218.50634999997,964390,9.829999999999998,7,65351.23185000002,10539475,260807.76,42401
Brand CBrand GBrand LABrand LOBrand MBrand NBrand R,11891519,181644.03910000002,76883.30000000003,51387,0.0,0,1950.694239999999,156288,37915.80649999998,1017015,19.66,9,64874.57836000001,10666820,261926.44999999998,43340
Brand CBrand GBrand LABrand LOBrand MBrand NBrand R,12693943,251683.03606999997,129786.96999999994,62572,0.0,0,1884.9342800000009,149969,35576.55969999997,1018618,9.38,5,84425.19209000006,11462779,350070.08999999997,56735
Brand CBrand GBrand LABrand LOBrand MBrand NBrand R,12619414,265464.30523999996,138942.93999999994,61711,0.0,0,2033.7814300000005,154014,33470.34669999992,994392,14.87,9,91002.36711000005,11409288,375569.16000000003,60926
Brand CBrand GBrand LABrand LOBrand MBrand NBrand R,12738977,192860.56392,84845.28999999996,45888,0.0,0,2278.7823800000006,172556,32516.638599999987,996997,23.63,14,73196.22294000004,11523522,311575.55,50398
Brand CBrand GBrand LABrand LOBrand MBrand NBrand R,12073292,177680.3639599999,76474.94999999998,45530,0.0,0,2136.9450900000015,150350,31905.10609999994,987785,9.51,6,67153.85276999997,10889621,248481.21,40881
Brand CBrand GBrand LABrand LOBrand MBrand NBrand R,11568912,177529.9162999999,76631.84999999999,47112,0.0,0,2173.7473600000003,167043,33557.14414999998,1025104,14.400000000000002,10,65152.77478999994,10329643,242229.08000000002,38839
Brand CBrand GBrand LABrand LOBrand MBrand NBrand R,12349680,187537.0383699999,83212.60999999999,53771,0.0,0,2307.815469999998,185362,32658.77249999995,1021304,15.72,10,69342.12039999997,11089233,272598.71,43389
Brand CBrand GBrand LABrand LOBrand MBrand NBrand R,13547161,184211.98494999995,76539.61,49259,0.0,0,2197.9602799999993,190220,29199.76364999996,933689,23.8,13,76250.85101999999,12373980,287285.89,45426
Brand CBrand GBrand LABrand LOBrand MBrand NBrand R,16112628,202785.96408999985,76592.92999999989,48380,0.0,0,2173.27568,186216,30939.42884999997,966198,22.229999999999997,13,93058.09956,14911821,293749.34,45279
Brand CBrand GBrand LABrand LOBrand MBrand NBrand R,17890675,208914.15340999988,78659.30000000003,48746,0.0,0,2725.3845,250490,30613.313449999936,1000181,15.93,8,96900.22545999993,16591250,295600.5,45674
Brand CBrand GBrand LABrand LOBrand MBrand NBrand R,17910344,206955.04086999982,80086.05999999997,47994,0.0,0,2912.940990000002,259573,29918.412299999938,1050648,21.92,13,94015.70757999991,16552116,288246.82,43711
Brand CBrand GBrand LABrand LOBrand MBrand NBrand R,17165542,210507.80169999987,82675.47999999994,48594,0.0,0,2265.8627499999984,189821,29395.34914999993,1092026,9.939999999999998,6,96161.16979999997,15835095,289228.81,43073
Brand CBrand GBrand LABrand LOBrand MBrand NBrand R,16723763,216658.93161999993,86466.6400000001,51387,0.0,0,1796.5995000000012,140608,30267.73934999991,1115721,22.76,11,98105.19276999992,15416036,275532.05,41532
Brand CBrand GBrand LABrand LOBrand MBrand NBrand R,17823928,228243.09588999973,94864.35999999997,58812,0.0,0,1788.605649999999,151613,30233.85689999991,1111318,31.26,12,101325.01333999987,16502173,321464.06,48798
Brand CBrand GBrand LABrand LOBrand MBrand NBrand R,19379998,229742.13853999993,91916.78000000006,55127,0.0,0,1705.3490200000028,163666,27037.79324999996,1013922,18.75,10,109063.46626999987,18147273,348876.13999999996,52390
Brand CBrand GBrand LABrand LOBrand MBrand NBrand R,20709661,250776.27595999982,99013.84999999989,57811,0.0,0,1727.2816500000004,155483,28372.80439999993,1070727,10.81,6,121651.52990999998,19425634,348415.27999999997,51297
Brand CBrand GBrand LABrand LOBrand MBrand NBrand R,36605720,368631.5523700008,132951.88999999998,71675,0.0,0,1702.6243100000006,155415,28622.874049999944,1077900,7.720000000000001,4,205346.44401000088,35300726,455306.35000000003,63280
Brand CBrand GBrand LABrand LOBrand MBrand NBrand R,25458812,299759.3697599997,109223.65999999996,62043,0.0,0,1795.6440200000025,155074,37459.127549999954,1275720,13.43,8,151267.50818999976,23965967,400087.18,57988
Brand CBrand GBrand LABrand LOBrand MBrand NBrand R,19244229,224919.91304999994,80232.72000000003,45906,0.0,0,2283.3615300000006,224806,38131.72080000005,1380319,12.59,7,104259.5207199999,17593191,340130.74,49103
Brand CBrand GBrand LABrand LOBrand MBrand NBrand R,17379107,213709.63591999974,78053.82999999993,46153,0.0,0,2947.077669999998,280954,39226.67454999995,1423820,0.0,0,93482.05369999984,15628180,317300.36,45708
Brand CBrand GBrand LABrand LOBrand MBrand NBrand R,16891356,216753.14179999984,85784.16999999993,51595,0.0,0,2785.268170000001,273112,36747.672599999874,1340265,11.91,6,91424.12103000002,15226378,336959.89,49487
Brand CBrand GBrand LABrand LOBrand MBrand NBrand R,16020125,224531.09675999987,79951.15999999992,46206,0.0,0,2659.1898199999996,270962,33255.732849999935,1208216,14.47,7,108650.54409,14494734,337108.41,49552
Brand CBrand GBrand LABrand LOBrand MBrand NBrand R,16895238,220395.06326999987,84520.72999999995,48567,0.0,0,1698.9390899999973,139166,30479.495699999956,1153768,7.670000000000001,4,103688.22847999995,15553733,368009.60000000003,51169
Brand CBrand GBrand LABrand LOBrand MBrand NBrand R,16283336,215968.44195999997,90744.55999999998,52754,0.0,0,1464.354050000001,100469,23163.336149999974,876100,3.67,2,100592.52176000005,15254011,391716.71,55795
Brand CBrand GBrand LABrand LOBrand MBrand NBrand R,16540510,221758.25099999996,90612.13000000009,52272,0.0,0,1526.7229200000002,102792,25067.899049999938,893707,17.52,8,104533.97902999993,15491731,387789.13999999996,54811
Brand CBrand GBrand LABrand LOBrand MBrand NBrand R,16681869,232810.64979999998,86153.3500000001,50576,0.0,0,1704.3987800000014,108311,44387.26034999994,1509101,9.11,6,100556.53066999993,15013875,365289.37,52304
Brand CBrand GBrand LABrand LOBrand MBrand NBrand R,17271090,247196.0787499998,92023.99,55261,0.0,0,1713.6131300000004,104440,51404.282849999945,1759720,9.99,6,102044.20276999986,15351663,343942.3,49807
Brand CBrand GBrand LABrand LOBrand MBrand NBrand R,17087926,246434.7183399999,98758.37000000004,60440,0.0,0,1435.352709999999,89662,49628.408399999884,1703865,14.61,7,96597.97722999997,15233952,386403.56000000006,55490
Brand CBrand GBrand LABrand LOBrand MBrand NBrand R,16230261,222603.76364999992,86554.53,52233,0.0,0,1455.98296,88615,43608.24059999999,1523404,9.94,5,90975.07008999992,14566004,375993.32,54320
Brand CBrand GBrand LABrand LOBrand MBrand NBrand R,16477001,224423.41511999993,88644.33000000005,53184,0.0,0,1399.809570000002,86709,41077.62194999983,1498938,11.86,7,93289.79360000003,14838163,352362.5,50626
Brand CBrand GBrand LABrand LOBrand MBrand NBrand R,15934912,213322.34653999985,88622.69000000003,52174,0.0,0,1350.4519700000023,82924,32175.80459999989,1180447,11.56,7,91161.83996999993,14619360,356842.38,50170
Brand CBrand GBrand LABrand LOBrand MBrand NBrand R,16086412,238816.03241999977,93263.52999999996,53626,0.0,0,1562.3704700000005,102923,43238.8508999999,1459792,13.75,7,100737.53104999992,14470064,349169.63,49820
Brand CBrand GBrand LABrand LOBrand MBrand NBrand R,15739035,241821.2322799999,94043.01000000004,55579,0.0,0,1515.2373900000005,104687,48844.52039999989,1616588,8.69,5,97409.77448999995,13962176,351910.8,49585
Brand CBrand GBrand LABrand LOBrand MBrand NBrand R,16516338,239181.15040999977,93829.24999999987,56848,0.0,0,1584.8348899999992,96032,51236.319599999864,1815699,0.0,0,92530.74592,14547759,327378.82,46963
Brand CBrand GBrand LABrand LOBrand MBrand NBrand R,16925190,240145.92923999982,99136.40999999997,61661,0.0,0,1474.4058200000015,94533,45491.03069999984,1638221,8.2,4,94035.88272000001,15130771,352964.12,50275
Brand CBrand GBrand LABrand LOBrand MBrand NBrand R,17014606,224371.49355,90274.50000000004,57305,0.0,0,1441.6799400000018,91852,37441.08059999992,1378858,3.53,2,95210.70301000006,15486589,362853.11,52325
Brand CBrand GBrand LABrand LOBrand MBrand NBrand R,17550691,229921.70710000003,88408.20000000003,56245,0.0,0,1658.0088499999995,112730,39726.920099999945,1507395,7.52,6,100121.05815000006,15874315,358245.39,51470
Brand CBrand GBrand LABrand LOBrand MBrand NBrand R,17414878,228970.75846000007,89568.48000000004,55875,0.0,0,1787.5667799999992,126481,37975.68959999994,1516736,16.69,10,99622.33208000008,15715776,359241.56,51172
Brand CBrand GBrand LABrand LOBrand MBrand NBrand R,16697647,222875.41939999996,88582.20999999998,53523,0.0,0,2355.3552499999983,151080,36282.5462999999,1595107,3.67,2,95651.63785000006,14897935,354228.27999999997,51051
Brand CBrand GBrand LABrand LOBrand MBrand NBrand R,16411134,218013.95519999997,85556.1,52202,0.0,0,2447.272360000001,159600,36641.54279999989,1645093,5.6,3,93363.44004000007,14554236,344771.21,49307
Brand CBrand GBrand LABrand LOBrand MBrand NBrand R,16342532,231938.30461999992,90975.17000000003,56277,0.0,0,2484.536569999998,158169,41322.95954999995,1825307,8.76,4,97146.87849999996,14302775,329983.44999999995,47372
Brand CBrand GBrand LABrand LOBrand MBrand NBrand R,16897532,233250.11070999966,96203.49999999988,61333,0.0,0,2350.680069999997,152152,39201.94754999986,1742690,5.59,4,95488.39308999994,14941353,356441.63,51076
Brand CBrand GBrand LABrand LOBrand MBrand NBrand R,18886703,231636.1566799996,90470.07999999986,56817,0.0,0,2279.9129900000003,159860,32265.80999999991,1458138,6.48,4,106613.87368999988,17211884,342688.43,49724
Brand CBrand GBrand LABrand LOBrand MBrand NBrand R,20445071,248016.5469299998,94270.84999999995,60239,0.0,0,2165.7333899999985,149146,32333.7599999999,1471574,5.87,3,119240.33353999993,18764109,333316.75,46724
Brand CBrand GBrand LABrand LOBrand MBrand NBrand R,19049522,232573.6382599998,86848.53999999998,54144,0.0,0,2270.2103400000037,143062,31517.990099999897,1459133,9.39,3,111927.50781999991,17393180,295420.4,41930
Brand CBrand GBrand LABrand LOBrand MBrand NBrand R,20496790,282800.94980000006,115242.79000000004,57575,0.0,0,2286.4765700000007,134698,30587.41229999991,1408497,7.050000000000001,3,134677.22093000007,18896017,315033.61,41900
Brand CBrand GBrand LABrand LOBrand MBrand NBrand R,23662240,379220.44668999995,193646.74000000005,91061,0.0,0,2247.2086399999994,145067,28992.90974999993,1335047,19.65,8,154313.93829999995,22091057,649217.29,81642
Brand CBrand GBrand LABrand LOBrand MBrand NBrand R,22987040,360008.5885199996,171303.02999999982,77651,0.0,0,2300.7116900000024,155894,29926.786799999925,1380500,16.63,7,156461.43002999984,21372988,573559.71,76147
Brand CBrand GBrand LABrand LOBrand MBrand NBrand R,22560884,321762.06925999996,138801.25,66483,0.0,0,2075.52876,151709,29235.264599999955,1351158,18.93,7,151631.09590000001,20991527,454097.67,62206
Brand CBrand GBrand LABrand LOBrand MBrand NBrand R,23405921,414020.44038,226014.48,70481,0.0,0,2038.710610000002,143745,25505.93234999995,1184093,22.29,9,160439.02742,22007593,608393.83,79038
Brand CBrand GBrand LABrand LOBrand MBrand NBrand R,20364942,290811.3533100002,135810.2800000002,61228,0.0,0,1902.3549899999994,133271,24995.548649999953,1158205,34.809999999999995,15,128068.35967000008,19012223,523134.03,69215
Brand CBrand GBrand LABrand LOBrand MBrand NBrand R,17107663,226347.00341000006,92675.63000000009,46021,0.0,0,1764.5577300000002,135251,25277.765099999975,1188177,19.24,9,106609.81057999996,15738205,324096.73,45418
Brand CBrand GBrand LABrand LOBrand MBrand NBrand R,12019629,171326.06398000012,84333.50000000017,48704,0.0,0,1471.22899,118008,22469.140799999957,1130369,22.09,10,63030.10418999998,10722538,331164.14,47004
Brand CBrand GBrand LABrand LOBrand MBrand NBrand R,10399613,169062.8089299999,81839.43000000001,49791,8681.410000000009,51176,1559.0955400000018,126586,21246.974549999955,1077143,31.86,13,55704.038839999965,9094904,343713.27999999997,49312
Brand CBrand GBrand LABrand LOBrand MBrand NBrand R,10606157,174427.78331999987,85453.78999999989,54804,9372.15,55342,1507.0789699999993,115887,22425.24344999996,1124225,23.94,10,55645.580900000015,9255889,338899.08999999997,47908
Brand CBrand GBrand LABrand LOBrand MBrand NBrand R,9974597,176666.95454000004,90916.0600000001,59545,10801.57,63461,1352.6616700000015,111289,22481.502299999956,1137712,47.82999999999999,21,51067.33056999996,8602569,361380.27,51082
Brand CBrand GBrand LABrand LOBrand MBrand NBrand R,9529693,158686.37448999993,79517.84000000001,52532,9810.239999999994,60787,1324.56191,113075,19136.388299999966,965172,30.83,13,48866.514279999974,8338114,361375.95,51535
Brand CBrand GBrand LABrand LOBrand MBrand NBrand R,8225837,147462.42044,77006.15000000004,51897,9062.399999999981,55882,1331.0345300000004,106898,18800.964749999974,947331,44.29000000000001,19,41217.581159999994,7063810,338597.62,48383
Brand CBrand GBrand LABrand LOBrand MBrand NBrand R,8893170,153941.49714999984,76897.03999999992,51828,9119.070000000007,56371,1447.0004699999997,105534,18065.39249999997,911655,17.91,11,48395.08417999995,7767771,330589.26,46406
Brand CBrand GBrand LABrand LOBrand MBrand NBrand R,9611138,155346.61450000008,72265.59000000005,49389,8607.269999999986,53091,1447.8134300000008,101703,19216.30275,900550,6.44,3,53803.19832000004,8506402,345442.49,48360
Brand CBrand GBrand LABrand LOBrand MBrand NBrand R,9448641,152180.96561000004,71174.70999999999,47511,8277.480000000001,49702,1509.8532599999992,107383,19337.65485000002,757559,18.5,9,51862.767500000016,8486477,347120.75,48709
Brand CBrand GBrand LABrand LOBrand MBrand NBrand R,9255276,161479.19590999986,74191.21999999993,49535,9130.44999999999,52658,1505.9965,105319,29257.38119999993,1164049,29.88,14,47364.26821000002,7883701,319131.11,45524
Brand CBrand GBrand LABrand LOBrand MBrand NBrand R,9305457,168001.61117999998,82377.56000000001,54652,9731.880000000003,60514,1338.5237699999982,93891,29486.04644999995,1188957,33.669999999999995,18,45033.930960000005,7907425,341479.55,48472
Brand CBrand GBrand LABrand LOBrand MBrand NBrand R,9759515,155102.98465999978,71054.30999999984,48460,8667.639999999996,54031,1422.9388399999998,104739,28875.73619999993,1107656,20.55,11,45061.809620000015,8444618,352632.0,50531
Brand CBrand GBrand LABrand LOBrand MBrand NBrand R,9842712,175387.68814,68496.16000000009,47401,8208.970000000001,50775,1307.357310000001,103763,52743.15854999996,1323518,28.46,15,44603.58227999999,8317240,341067.23,48329
Brand CBrand GBrand LABrand LOBrand MBrand NBrand R,9686291,189163.94558999987,68300.98,46658,7643.800000000002,49719,1511.6840500000012,118821,61372.09424999989,1459949,36.44,18,50298.947289999975,8011126,315635.2,44136
Brand CBrand GBrand LABrand LOBrand MBrand NBrand R,9741053,187302.62037999983,66071.59999999999,45327,7530.910000000009,49454,1668.764339999998,120049,61122.03584999988,1443942,37.49,21,50871.82018999995,8082260,310009.07,43636
Brand CBrand GBrand LABrand LOBrand MBrand NBrand R,9024469,185945.05790999994,66112.97000000002,45119,7139.5099999999975,48392,3002.4756199999993,184643,59567.710799999884,1408302,14.61,8,50107.78149000003,7338005,305209.67000000004,43370
Brand CBrand GBrand LABrand LOBrand MBrand NBrand R,10519567,186807.5740099998,68404.68000000004,47174,7152.5199999999995,49362,2905.3630499999995,173916,59276.1801,1483807,28.08,13,49040.75085999979,8765295,304965.56,43079
Brand CBrand GBrand LABrand LOBrand MBrand NBrand R,8911249,183958.45427999983,70732.72999999998,48460,7959.819999999996,53557,2792.9402399999963,167241,55465.28624999994,1446689,28.899999999999995,15,46978.77778999991,7195287,294398.51,42276
Brand CBrand GBrand LABrand LOBrand MBrand NBrand R,7627728,167113.0172,61556.93000000004,42646,7382.700000000004,52179,2082.0198200000004,141369,51139.784399999975,1380617,46.85999999999999,23,44904.72297999998,6010894,290541.97,42189
Brand CBrand GBrand LABrand LOBrand MBrand NBrand R,7413161,151509.66405,54082.190000000024,38200,7084.260000000001,49167,1336.165620000003,104755,46805.16659999998,1337652,21.62,10,42180.26182999998,5883377,257675.08,37885
Brand CBrand GBrand LABrand LOBrand MBrand NBrand R,7094439,145198.45525999987,52413.93999999996,35704,6605.130000000009,43771,1347.2259199999996,98131,43342.769549999895,1252308,27.31,12,41462.079789999996,5664513,234287.06999999998,34295
Brand CBrand GBrand LABrand LOBrand MBrand NBrand R,6879087,144045.92231000002,51084.64000000005,34013,6343.360000000004,41628,1365.4615099999999,97351,43744.36484999996,1238139,15.27,7,41492.825950000006,5467949,206641.57,30443
Brand CBrand GBrand LABrand LOBrand MBrand NBrand R,6500890,140451.43146999986,50735.82999999995,36534,6473.130000000007,42626,1350.3086900000012,102924,42660.52409999994,1236029,22.290000000000006,11,39209.34867999998,5082766,193021.28,28256
Brand CBrand GBrand LABrand LOBrand MBrand NBrand R,6058240,128023.35395999998,43929.81999999999,33765,4979.489999999999,32857,1265.5295800000006,103160,41305.92629999999,1174207,18.020000000000003,9,36524.56807999998,4714242,153268.84,22542
Brand CBrand GBrand LABrand LOBrand MBrand NBrand R,5916500,131629.87295999995,49393.280000000035,41976,4902.6200000000035,31388,1265.2026200000005,97934,40824.16604999991,1173851,11.51,6,35233.09428999999,4571345,167951.56,24448
Brand CBrand GBrand LABrand LOBrand MBrand NBrand R,6166317,141555.87732999993,62199.85000000001,49728,7530.950000000003,49522,1296.95713,102688,36852.43184999993,1268832,26.62,13,33649.06835,4695534,266035.03,38071
Brand CBrand GBrand LABrand LOBrand MBrand NBrand R,5895128,140752.76664999986,65056.18999999997,51496,7981.2299999999905,54773,1268.1648200000004,106076,35798.532749999904,1227449,35.99,23,30612.65907999999,4455311,288560.17,41581
Brand CBrand GBrand LABrand LOBrand MBrand NBrand R,5217580,131761.40070999984,59263.50999999993,49802,8469.859999999991,57684,1284.1838399999992,104322,36580.01144999993,1254370,38.58,22,26125.25541999999,3751380,286257.62,42561
Brand CBrand GBrand LABrand LOBrand MBrand NBrand R,4116207,113939.79333000001,49071.81000000003,46058,8377.549999999981,56814,1184.6153399999992,82874,36164.642550000004,1261608,75.46999999999998,41,19065.70544000001,2668812,277518.06,40318
Brand CBrand GBrand LABrand LOBrand MBrand NBrand R,3832180,102095.03923999988,41356.53999999998,41355,6134.779999999998,43454,1120.3530899999992,77594,36406.2641999999,1287179,70.30000000000001,32,17006.801949999994,2382566,255072.51,36732
Brand CBrand GBrand LABrand LOBrand MBrand NBrand R,3422123,97802.04215999982,19355.57000000001,19642,3396.1900000000005,26875,739.0712599999996,55037,65946.58034999981,2136769,30.930000000000007,15,8333.700549999996,1183785,170302.18,26433
Brand CBrand GBrand LABrand LOBrand MBrand NBrand R,1235377,51503.10933000002,32155.75000000003,30468,2571.76,19565,303.2036299999995,23635,12027.837750000004,501893,16.71,6,4427.847949999994,659810,158624.43,23860
Brand CBrand GBrand LABrand LOBrand MBrand NBrand R,1140301,83709.32029999996,65527.86999999999,57732,6936.549999999994,47047,400.7988000000004,26382,5448.267399999992,179888,54.13,25,5341.704099999999,829227,240587.09,34182
Brand CBrand GBrand LABrand LOBrand MBrand NBrand R,3012804,93017.99113,59469.07000000002,51047,7197.599999999989,51566,914.0160500000002,71816,9473.46124999998,275813,39.70999999999999,21,15924.133830000006,2562541,230816.19,32002
Brand CBrand GBrand LABrand LOBrand MBrand NBrand R,7240320,141783.14553,66381.72000000003,51111,8036.61,54582,1359.809410000001,112690,19771.009449999965,457372,41.82,21,46192.17667000002,6564544,250534.78,34911
Brand CBrand GBrand LABrand LOBrand MBrand NBrand R,7684298,137862.54398000007,67179.56000000007,50208,8427.72,53409,1113.33512,103398,13348.738049999994,357759,67.97,29,47725.22081000002,7119495,262966.66000000003,36079
Brand CBrand GBrand LABrand LOBrand MBrand NBrand R,8362724,143007.20443999997,68040.94000000006,50688,8619.709999999995,57058,1172.9631299999992,103551,13200.963899999995,372212,19.76,11,51952.86740999992,7779204,266381.27,36731
Brand CBrand GBrand LABrand LOBrand MBrand NBrand R,9440892,156511.1741199999,74514.01000000005,56019,9318.779999999984,61841,1186.6760100000008,117747,14285.858149999996,407105,22.61,10,57183.23995999986,8798170,256889.78,36370
Brand CBrand GBrand LABrand LOBrand MBrand NBrand R,9601993,158103.7832999999,75605.78000000007,58795,10428.62999999998,69118,1206.6213899999998,112302,12868.050449999995,357842,17.979999999999997,7,57976.72145999985,9003929,280788.56,40530
Brand CBrand GBrand LABrand LOBrand MBrand NBrand R,10063565,152645.68603999985,70083.55000000006,53193,9005.779999999984,62023,1226.3698,107746,11894.486199999987,331264,27.8,11,60407.700039999814,9509328,275477.21,39321
Brand CBrand GBrand LABrand LOBrand MBrand NBrand R,11420554,163329.42132999984,70205.3,53238,7942.209999999993,54963,1181.7520799999998,114627,12477.068299999992,349932,7.41,3,71515.68094999985,10847791,271260.74,38593
Brand CBrand GBrand LABrand LOBrand MBrand NBrand R,11606534,164223.2692199997,70255.38999999994,54115,7894.740000000001,52256,1152.7976899999996,111637,13674.964299999992,401298,0.0,0,71245.37722999975,10987228,273455.68,39015
Brand CBrand GBrand LABrand LOBrand MBrand NBrand R,12389113,171606.65009999974,72869.67999999996,54477,8501.650000000005,53258,1146.50551,118608,12738.08115,387700,4.96,2,76345.77343999979,11775068,274979.35,39589
Brand CBrand GBrand LABrand LOBrand MBrand NBrand R,12247764,169344.34473999977,70443.64999999998,51999,7913.69,49517,2076.4450899999997,209421,11855.650299999988,345077,7.92,3,77046.98934999979,11591747,275750.57,39350
Brand CBrand GBrand LABrand LOBrand MBrand NBrand R,11390350,169364.4686899999,73776.24,56925,8232.759999999998,50526,2167.94275,215033,12228.8613,359843,4.09,2,72954.57463999989,10708021,268438.69999999995,38579
Brand CBrand GBrand LABrand LOBrand MBrand NBrand R,11187091,167267.01616999993,75288.28000000004,59508,8827.169999999998,55131,1966.5932699999994,173820,12110.560649999994,350234,18.16,7,69056.2522499999,10548391,283959.94,41496
Brand CBrand GBrand LABrand LOBrand MBrand NBrand R,11451345,170094.91258999996,76929.42000000007,59580,9043.219999999998,58166,2221.3468500000026,205093,11315.324950000002,327704,8.86,6,70576.7407899999,10800796,316254.91,46015
Brand CBrand GBrand LABrand LOBrand MBrand NBrand R,11226584,161635.09543999983,71581.56999999996,53921,7811.980000000001,48430,2130.9692499999996,194892,10485.547850000004,315905,10.94,5,69614.08833999986,10613431,296945.96,43783
Brand CBrand GBrand LABrand LOBrand MBrand NBrand R,12195448,176177.33231999984,75597.20999999999,56198,8062.350000000008,49504,2014.289889999999,213822,10372.461599999984,317953,14.990000000000002,6,80116.03082999983,11557965,322919.97,47867
Brand CBrand GBrand LABrand LOBrand MBrand NBrand R,11173047,167371.85183999973,72665.43999999989,54041,8130.789999999996,49908,2074.9259400000014,231218,10342.148050000002,313261,7.23,3,74151.31784999983,10524616,322127.96,49526
Brand CBrand GBrand LABrand LOBrand MBrand NBrand R,10689818,162999.00349999976,71918.92999999995,54668,8088.470000000005,47785,2092.746390000002,239679,9824.554450000005,309734,12.1,4,71062.20265999978,10037948,331395.85,52791
Brand CBrand GBrand LABrand LOBrand MBrand NBrand R,10585351,170623.0391099999,75878.10000000006,58875,9391.269999999997,56437,2230.3346199999974,214192,10551.40925,338849,4.66,2,72567.26523999983,9916996,327289.5,51533
Brand CBrand GBrand LABrand LOBrand MBrand NBrand R,10709871,172369.67921999987,77881.05000000003,63296,10150.200000000006,63019,2277.612809999999,219719,9896.524050000005,322505,6.12,3,72158.1723599998,10041329,351350.61,55282
Brand CBrand GBrand LABrand LOBrand MBrand NBrand R,10580573,162111.26820999983,70533.21,55454,8545.820000000002,57050,2152.872459999999,215553,8706.026599999994,283535,8.08,3,72165.25914999984,9968978,349327.01,55443
Brand CBrand GBrand LABrand LOBrand MBrand NBrand R,10368873,159906.2887399997,65955.85999999991,52997,7530.089999999989,55148,2230.7056300000004,237595,9850.191249999989,312572,0.0,0,74339.4418599998,9710561,330565.36,51683
Brand CBrand GBrand LABrand LOBrand MBrand NBrand R,10028947,162737.1839699997,67149.44999999995,55655,10420.84999999999,60316,2573.597080000002,278019,9862.231199999991,315626,10.11,4,72720.94568999976,9319327,336497.55,53335
Brand CBrand GBrand LABrand LOBrand MBrand NBrand R,9277775,162748.41128999976,65192.26000000002,55897,15890.620000000019,64480,1807.9827100000011,183387,9197.302049999993,296320,11.03,5,70649.21652999973,8677686,327801.32,53363
Brand CBrand GBrand LABrand LOBrand MBrand NBrand R,8318102,157813.66586999994,68124.20000000003,53293,15050.599999999986,64695,1463.9451800000006,127173,9357.175900000004,301308,0.0,0,63817.74478999992,7771633,324087.93,52598
Brand CBrand GBrand LABrand LOBrand MBrand NBrand R,7503054,152919.87124999997,69426.05000000006,53298,16246.479999999983,70312,1422.3541300000002,129175,9598.56605,316230,6.08,3,56220.34106999994,6934036,308314.24,49842
Brand CBrand GBrand LABrand LOBrand MBrand NBrand R,8029867,163633.98234999992,72886.14,58174,17440.74,75506,1462.0379599999994,132138,8956.497149999992,291909,9.26,4,62879.307239999915,7472136,348482.7,56122
Brand CBrand GBrand LABrand LOBrand MBrand NBrand R,8209889,149125.1732499999,62522.22000000001,50234,14606.000000000007,67718,1480.5607599999998,148615,7895.779949999999,269170,0.0,0,62620.61253999988,7674152,334343.4,55080
Brand CBrand GBrand LABrand LOBrand MBrand NBrand R,6252797,129138.17610999994,60458.789999999986,50937,14585.16,62885,1257.9470299999994,112936,7596.090199999983,268834,8.850000000000001,4,45231.33887999996,5757201,317784.71,51739
Brand CBrand GBrand LABrand LOBrand MBrand NBrand R,4845366,117863.41693999994,62157.58000000003,48033,14706.079999999993,61035,981.0666000000018,84365,5366.582800000002,222568,4.6,2,34647.507539999904,4429363,319198.82999999996,51021
Brand CBrand GBrand LABrand LOBrand MBrand NBrand R,8313488,143046.8874899999,58057.54999999999,43898,14545.24000000001,61340,1523.377030000002,157064,5034.307800000002,210702,17.66,7,63868.75265999992,7840477,320751.75,52610
Brand CBrand GBrand LABrand LOBrand MBrand NBrand R,8455896,146927.26038999978,59366.29999999994,45059,15086.079999999994,60909,1491.8557499999997,156716,5104.332599999991,214752,9.39,3,65869.30203999986,7978457,331175.61,53339
Brand CBrand GBrand LABrand LOBrand MBrand NBrand R,8080485,148512.86675999983,61874.439999999995,49252,16025.250000000022,67600,1520.8877499999987,153180,5383.354799999988,226575,12.63,5,63696.304209999835,7583873,322460.63,51699
Brand CBrand GBrand LABrand LOBrand MBrand NBrand R,8081830,155607.31947999983,67929.73000000001,53254,17337.909999999993,73950,1547.7732899999999,149420,4992.968399999999,211242,15.180000000000003,7,63783.75778999985,7593957,343713.58,54502
Brand CBrand GBrand LABrand LOBrand MBrand NBrand R,8476687,156052.0006799999,62031.81000000005,48629,15069.400000000021,64351,1529.1741200000017,139916,14418.593399999992,444722,4.08,2,62998.943159999835,7779067,343546.66,52900
Brand CBrand GBrand LABrand LOBrand MBrand NBrand R,8457421,157947.6153399999,64772.84999999998,49745,15254.780000000004,65492,1506.3630399999984,135347,17367.97289999999,531636,7.630000000000001,4,59038.01939999992,7675197,330146.73,50267
Brand CBrand GBrand LABrand LOBrand MBrand NBrand R,9094878,164385.11010999992,64909.88000000006,50965,15005.740000000009,66254,1491.581099999999,131551,18879.35354999998,589566,5.44,2,64093.11545999986,8256540,340538.05,51482
Brand CBrand GBrand LABrand LOBrand MBrand NBrand R,9160405,167166.87016999983,66172.92999999995,50977,14844.860000000013,63760,1547.0092300000008,126019,20528.908350000016,636742,10.5,5,64062.66258999985,8282902,341007.24,51323
Brand CBrand GBrand LABrand LOBrand MBrand NBrand R,9334506,169065.4091399998,64506.11999999998,49284,15740.079999999994,58890,2494.867609999995,167049,19507.148399999955,624044,12.93,8,66804.26312999986,8435231,333211.43,49908
Brand CBrand GBrand LABrand LOBrand MBrand NBrand R,9475519,180539.08317999984,67826.01999999995,51920,15654.220000000012,59620,5000.305729999998,238786,17721.748499999958,596891,11.45,6,74325.33894999993,8528296,333209.32,50929
Brand CBrand GBrand LABrand LOBrand MBrand NBrand R,9423021,180978.8958099999,69633.01000000005,53680,16246.230000000012,63795,5011.367599999998,250190,16002.412199999972,544571,6.470000000000001,2,74079.40600999986,8510783,345359.05,52977
Brand CBrand GBrand LABrand LOBrand MBrand NBrand R,9580875,170214.21616515986,62779.85999999997,46714,13946.55999999999,55535,5124.552519999998,304792,14871.206999999962,505432,0.0,0,73492.03664515994,8668402,318747.78,49129
Brand CBrand GBrand LABrand LOBrand MBrand NBrand R,9579543,168563.82020029993,60010.70000000001,44716,13035.820000000002,49541,5031.415450000001,305908,15912.130949999977,536140,9.61,4,74564.14380029993,8643234,300623.37,46600
Brand CBrand GBrand LABrand LOBrand MBrand NBrand R,9595760,173602.94405415986,64976.57,49672,14177.029999999992,56843,4493.097705819999,300233,16572.015149999974,602770,8.75,3,73375.48119833988,8586239,350076.05000000005,52847
Brand CBrand GBrand LABrand LOBrand MBrand NBrand R,9217641,173084.27326471,67083.33999999994,51007,16209.070000000005,67981,3440.353305779999,251860,16910.43089999997,626278,5.13,3,69435.9490589301,8220512,369177.12,56340
Brand CBrand GBrand LABrand LOBrand MBrand NBrand R,9009436,169947.5627517701,65992.14000000004,49640,14891.760000000018,63310,3034.520318689999,225102,16378.981799999961,605458,19.71,9,69630.4506330801,8065917,360686.72,56323
Brand CBrand GBrand LABrand LOBrand MBrand NBrand R,9553880,180780.92090231006,67340.42999999996,52344,15027.980000000005,63274,3125.676606360002,207161,16863.79139999998,627199,7.59,3,78415.45289595007,8603899,353068.19,54300
Brand CBrand GBrand LABrand LOBrand MBrand NBrand R,9534110,186759.93999946007,70926.96000000005,55078,15665.430000000004,66759,3011.111961419999,192431,16184.931749999936,608407,16.42,7,80955.0862880401,8611428,370689.36,57134
Brand CBrand GBrand LABrand LOBrand MBrand NBrand R,9628195,179940.7946799901,69398.53,54078,15428.26000000001,64474,2976.2080992299984,194316,14448.57974999999,548437,15.11,7,77674.10683076011,8766883,390580.33,61281
Brand CBrand GBrand LABrand LOBrand MBrand NBrand R,8691653,161141.73036804993,65112.83999999994,50410,14311.339999999984,56428,2947.163533300001,205587,14826.425549999989,552924,8.870000000000001,5,63935.09128475004,7826299,372656.6,57706
Brand CBrand GBrand LABrand LOBrand MBrand NBrand R,8381080,161103.61427508,67029.11999999995,53052,14601.020000000002,60215,3055.1444881899993,208134,13720.311299999988,517870,7.93,3,62690.08848689006,7541806,391561.63,60119
Brand CBrand GBrand LABrand LOBrand MBrand NBrand R,8268399,158453.66372894007,65312.640000000014,51547,14870.539999999994,57723,3206.1828570099974,205568,15414.646349999985,564914,7.069999999999999,4,59642.584521930075,7388643,388021.3,60299
Brand CBrand GBrand LABrand LOBrand MBrand NBrand R,7935747,154061.42132136994,64847.82999999994,49855,14313.42000000001,52331,3268.279858889998,195785,14311.591649999998,521535,0.0,0,57320.29981248,7116241,368263.68,57435
Brand CBrand GBrand LABrand LOBrand MBrand NBrand R,7750919,157969.62882322998,69346.02999999998,52812,14935.940000000008,60171,3266.9332364700026,207684,15137.857199999973,554471,8.57,4,55274.29838676,6875777,367378.12,56273
Brand CBrand GBrand LABrand LOBrand MBrand NBrand R,7718253,158298.63815487007,70115.63000000003,53574,15913.160000000013,66524,3196.8751619400005,195557,14286.856950000005,535113,4.26,2,54781.856042930005,6867483,380261.28,57945
Brand CBrand GBrand LABrand LOBrand MBrand NBrand R,7839005,144236.58632718,59641.59000000001,46242,14098.190000000004,61497,3277.0913281199996,202783,12893.659049999986,477619,13.58,6,54312.475949060004,7050858,371754.44,57097
Brand CBrand GBrand LABrand LOBrand MBrand NBrand R,7916637,146139.01034581,62033.42999999996,48976,13893.310000000003,59534,3612.0156673500014,221997,13501.873649999989,494024,8.579999999999998,4,53089.80102846006,7092102,365239.27,55719
Brand CBrand GBrand LABrand LOBrand MBrand NBrand R,8074081,149401.11519535,66181.81999999996,52208,14347.720000000016,61641,2223.3761149099983,147113,13204.193249999978,488629,17.56,9,53426.44583044005,7324481,393945.77999999997,59167
Brand CBrand GBrand LABrand LOBrand MBrand NBrand R,8694408,158250.65006098995,67424.01999999993,54490,15012.440000000008,66441,2814.1584416799997,169952,13164.276300000005,505742,10.11,5,59825.64531931,7897778,404459.17000000004,59496
Brand CBrand GBrand LABrand LOBrand MBrand NBrand R,8331550,154749.7182142801,65406.28000000007,51869,15188.030000000013,64800,2654.744364750001,144398,12952.174800000008,506547,9.01,5,58539.47904953,7563931,390152.18,57426
Brand CBrand GBrand LABrand LOBrand MBrand NBrand R,8014953,158398.67157370006,70088.14,53764,16340.310000000014,69402,2230.293222750002,117089,13601.429699999988,527803,2.18,2,56136.31865095005,7246893,368078.61,54120
Brand CBrand GBrand LABrand LOBrand MBrand NBrand R,8554809,165711.9361659,71270.91999999997,55333,16862.75000000001,74008,2250.2075500099972,117375,12152.461649999965,489715,8.01,4,63167.58696589006,7818374,396534.9,56874
Brand CBrand GBrand LABrand LOBrand MBrand NBrand R,9061559,162256.71963963,63851.86999999995,51974,15688.219999999998,69154,2511.0227433800014,147887,10779.66044999999,436763,11.45,5,69414.49644625004,8355776,443265.34,60603
Brand CBrand GBrand LABrand LOBrand MBrand NBrand R,8866668,165195.87687608006,68001.72999999998,53618,15288.660000000007,69183,2551.579763180001,138816,11015.959949999997,447894,9.87,4,68328.07716290005,8157153,414132.08999999997,57421
Brand CBrand GBrand LABrand LOBrand MBrand NBrand R,8512626,168781.02706134997,68996.28999999996,54354,15367.520000000013,68589,2748.110270189999,142465,11298.727349999985,452180,5.109999999999999,2,70365.26944115998,7795036,415439.08,56611
Brand CBrand GBrand LABrand LOBrand MBrand NBrand R,8486843,168577.07435073992,68517.25999999995,54110,15401.350000000002,69148,2575.2072767499994,130593,11481.958799999988,463893,6.5,3,70594.79827398997,7769096,419360.32,56782
Brand CBrand GBrand LABrand LOBrand MBrand NBrand R,7940532,162054.71343645008,67970.29000000007,51999,15448.239999999989,68074,2860.9173256300005,149947,11382.080249999992,464121,6.640000000000001,4,64386.545860820035,7206387,372279.51,53573
Brand CBrand GBrand LABrand LOBrand MBrand NBrand R,7492783,165772.12919570005,72587.83000000007,55814,16820.070000000007,77302,2734.829403480001,146554,11824.31565000001,482352,0.0,0,61805.08414221997,6730761,368970.14,52423
Brand CBrand GBrand LABrand LOBrand MBrand NBrand R,7465260,165690.58917498996,72681.62000000005,56511,17414.339999999993,81394,2831.5771667500017,146045,11452.403849999984,473236,12.329999999999998,5,61298.31815823991,6708069,383595.95999999996,54803
Brand CBrand GBrand LABrand LOBrand MBrand NBrand R,7601871,157672.73961537995,67711.62,52830,15912.699999999993,74837,2195.101546809998,114707,10136.674200000003,412210,3.68,2,61712.96386856995,6947285,376467.76,54190
Brand CBrand GBrand LABrand LOBrand MBrand NBrand R,7581675,155801.34424461,68127.62,52856,14075.729999999998,70064,2263.4272947,110714,11018.808750000011,437084,4.96,2,60310.79819990999,6910955,374178.47000000003,55050
Brand CBrand GBrand LABrand LOBrand MBrand NBrand R,7548730,156401.56830886,70514.68000000001,53891,15035.250000000018,77256,1906.041569439999,114846,11042.872350000001,438158,10.48,5,57892.244389419975,6864574,383654.97000000003,57251
Brand CBrand GBrand LABrand LOBrand MBrand NBrand R,7724849,157319.53758075996,69409.91,52514,13840.009999999998,69949,2237.7603984600005,129848,11120.707049999985,443036,8.05,3,60703.10013229999,7029499,370756.56,55152
Brand CBrand GBrand LABrand LOBrand MBrand NBrand R,7902039,155735.8992135699,67137.52999999996,51240,13961.72999999998,66801,2103.8496178200003,122027,10918.888349999987,435820,16.75,7,61597.15124574999,7226144,358080.92,53383
Brand CBrand GBrand LABrand LOBrand MBrand NBrand R,7580877,157731.87011883,70940.40000000004,55112,15107.76,74421,2001.4055173000024,115923,11625.07229999998,467660,6.68,3,58050.55230152998,6867758,360491.91000000003,53465
Brand CBrand GBrand LABrand LOBrand MBrand NBrand R,7353985,161365.79735815007,75380.70000000007,58773,16663.649999999998,84622,2014.5912342499983,115919,11300.994600000015,463515,3.1,2,56002.76152389999,6631154,401899.2,59794
Brand CBrand GBrand LABrand LOBrand MBrand NBrand R,7541639,152014.84001954,68629.59999999999,52751,14395.890000000009,76134,1992.4505783099999,129195,10331.2992,420072,12.16,5,56653.440241230004,6863482,392179.08999999997,58583
Brand CBrand GBrand LABrand LOBrand MBrand NBrand R,7597867,150250.13313227994,67543.62000000002,51560,14238.789999999994,72366,1945.2319416199998,125025,10802.18459999999,437187,8.18,3,55712.126590659944,6911726,376627.63,55761
Brand CBrand GBrand LABrand LOBrand MBrand NBrand R,7255963,151046.32603422995,68689.84000000001,52120,14587.829999999996,74584,2091.136351639999,134406,10827.465299999996,443449,3.33,2,54846.72438258995,6551402,379246.48000000004,55703
Brand CBrand GBrand LABrand LOBrand MBrand NBrand R,7120339,149293.76270737007,67972.89000000007,50997,14069.750000000007,69543,2046.03098506,129523,10624.140300000003,429452,5.859999999999999,2,54575.09142230999,6440822,367852.44,54821
Brand CBrand GBrand LABrand LOBrand MBrand NBrand R,7159572,149520.5233792799,69374.49999999996,51387,14264.169999999998,70040,1822.7513230600002,110740,10648.12829999999,425646,13.249999999999998,6,53397.72375621995,6501753,364389.5,52993
Brand CBrand GBrand LABrand LOBrand MBrand NBrand R,6852255,154901.68548107005,73514.29000000002,55561,15607.340000000006,73566,2022.203902450001,112806,11268.078449999999,426404,7.19,3,52482.58312862,6183915,357082.92000000004,49840
Brand CBrand GBrand LABrand LOBrand MBrand NBrand R,6688903,154544.2178034799,75385.39999999998,56497,15391.689999999991,76263,1890.6163249799993,108521,10454.399400000004,368825,0.0,0,51422.11207849993,6078797,374939.61,53009
Brand CBrand GBrand LABrand LOBrand MBrand NBrand R,6927308,146721.93603195992,67774.59,50009,14517.640000000005,70836,1945.291551969997,116214,9780.340649999993,351963,8.67,4,52695.40382998993,6338282,364104.54,51412
Brand CBrand GBrand LABrand LOBrand MBrand NBrand R,6736821,145623.73175436002,68111.88000000002,50981,14018.810000000009,66029,1774.5538055400011,102368,10022.58554999999,356068,11.48,5,51684.42239882002,6161370,346907.43,49449
Brand CBrand GBrand LABrand LOBrand MBrand NBrand R,6338354,147122.11262339994,72223.07,52322,13764.6,67842,1542.920665489998,96766,9761.663549999994,354015,13.36,6,49816.49840790995,5767403,353321.31,49543
Brand CBrand GBrand LABrand LOBrand MBrand NBrand R,5495132,139772.22880147005,68541.81000000011,49184,13388.119999999984,59743,1421.2247305700007,89338,10292.962349999993,365524,4.88,2,46123.23172089995,4931341,354265.15,50311
Brand CBrand GBrand LABrand LOBrand MBrand NBrand R,4382970,129361.18481019998,67197.26000000002,47558,13079.949999999993,56451,1248.5404718100017,79205,10294.748099999995,338997,9.72,5,37530.96623838998,3860754,336753.39,46813
Brand CBrand GBrand LABrand LOBrand MBrand NBrand R,2099510,94464.57733047995,52731.599999999955,36338,11104.809999999992,51876,1445.608131329997,82620,11949.510599999989,301522,0.0,0,17233.048599150017,1627154,284253.94,40413
Brand CBrand GBrand LABrand LOBrand MBrand R,1977881,100560.91384710999,56100.12999999998,37220,12832.560000000016,60923,1708.1633724099975,100157,12985.677599999995,306489,0.0,0,16934.382874699993,1473092,269036.86000000004,37107
Brand CBrand GBrand LABrand LOBrand MBrand NBrand R,2558192,110064.19273015003,54268.56,35615,12072.240000000002,57288,10985.519947069999,301979,14459.534400000011,409179,0.0,0,18278.338383080027,1754131,272913.52,40383
Brand CBrand GBrand LABrand LOBrand MBrand NBrand R,6992516,215343.97440417996,65643.02000000006,45858,12511.129999999997,64851,72444.12412415989,1294638,18472.093800000006,493406,0.0,0,46273.60648002001,5093763,290525.52999999997,42753
Brand CBrand GBrand LABrand LOBrand MBrand NBrand R,9070119,239129.32972340958,72079.75999999998,51952,14397.260000000006,70577,55565.58388094973,1277790,31799.114999999954,827344,0.0,0,65287.61084245994,6842456,310310.69,45599
Brand CBrand GBrand LABrand LOBrand MBrand NBrand R,9595187,242220.4543684897,72385.29999999997,51019,14864.179999999995,68433,48751.34307139978,1236995,38548.10579999995,1005910,0.0,0,67671.52549709001,7232830,309092.24,45296
Brand CBrand GBrand LABrand LOBrand MBrand NBrand R,10302004,264747.28894973954,72430.65000000001,51652,15296.109999999993,69639,52886.30992269978,1378625,52716.32999999984,1238014,4.390000000000001,2,71413.49902703991,7564072,301474.02999999997,45493
Brand CBrand GBrand LABrand LOBrand MBrand NBrand R,10599631,274251.64614381973,72581.44000000005,51464,15085.900000000003,70219,63134.54469175976,1647977,51595.8354,1263390,7.16,2,71846.76605205992,7566579,281168.37,42282
Brand CBrand GBrand LABrand LOBrand MBrand NBrand R,10880640,275543.5400004695,71341.71,50412,15048.489999999993,69468,63969.34076918977,1802979,52730.60519999986,1375975,0.0,0,72453.39403127985,7581806,272883.27999999997,41689
Brand CBrand GBrand LABrand LOBrand MBrand NBrand R,11185609,260666.92535628966,69565.49000000002,47691,14823.990000000007,71810,54852.41980079983,1642847,47447.774399999835,1282956,2.87,2,73974.38115548993,8140303,309094.0,48286
Brand CBrand GBrand LABrand LOBrand MBrand NBrand R,10935374,254323.61169796973,68401.43,46543,14701.549999999985,68412,52746.90000484994,1462746,43911.110999999895,1193279,0.0,0,74562.6206931199,8164394,303974.02999999997,48830
Brand CBrand GBrand LABrand LOBrand MBrand NBrand R,10627673,233421.23280705966,58719.06999999998,41632,13330.959999999986,65846,48932.3416555598,1429143,39449.88539999993,1095991,0.0,0,72988.97575149997,7995061,294867.01,47865
Brand CBrand GBrand LABrand LOBrand MBrand NBrand R,10965296,239016.21825624967,60948.11999999997,42550,13435.280000000006,63289,48648.66354385989,1457344,40003.3679999999,1135710,5.69,3,75975.0967123899,8266400,295037.48,47699
Brand CBrand GBrand LABrand LOBrand MBrand NBrand R,10938827,238237.99166248966,61659.21999999997,42429,12890.53999999999,63173,48123.643856529845,1447319,37902.41279999988,1101919,0.0,0,77662.17500595997,8283987,295498.04,48755
Brand CBrand GBrand LABrand LOBrand MBrand NBrand R,10977350,241635.71049021973,62551.03999999996,43848,14511.009999999997,66841,48889.29858837984,1499394,39045.7841999999,1193732,5.58,2,76632.99770184001,8173533,283664.07999999996,46444
Brand CBrand GBrand LABrand LOBrand MBrand NBrand R,10881379,234406.37934995975,65482.48999999996,47361,15583.280000000002,74096,42164.171038879955,1415666,35036.1803999999,1122628,0.0,0,76140.25791107994,8221628,310839.52999999997,51894
Brand CBrand GBrand LABrand LOBrand MBrand NBrand R,10780301,219302.79746737966,60526.269999999975,43693,13490.040000000008,67446,37146.8242869799,1284380,31927.290599999913,1023730,7.95,3,76204.42258039986,8361049,315903.66000000003,53535
Brand CBrand GBrand LABrand LOBrand MBrand NBrand R,10464406,224034.68895872976,61987.91999999994,45301,14093.400000000016,70959,38355.634667279905,1289895,33983.555399999896,1087982,9.12,4,75605.05889145,7970265,313110.7,52454
Brand CBrand GBrand LABrand LOBrand MBrand NBrand R,10817333,225574.09901764969,59830.13999999988,43998,13988.59,65336,38031.21158652984,1306571,34445.81339999997,1091236,0.0,0,79278.34403112001,8310192,321579.77,53711
Brand CBrand GBrand LABrand LOBrand MBrand NBrand R,10513534,226934.24769515975,58330.63999999992,42038,13692.030000000012,63143,37478.982937429915,1300864,34651.21499999992,1098069,5.27,2,82776.10975773,8009418,336595.23,53277
Brand CBrand GBrand LABrand LOBrand MBrand NBrand R,10039449,216682.8515455497,56983.959999999934,40744,12530.459999999994,58552,37000.84735782989,1290807,33766.027799999865,1109054,4.75,2,76396.80638772002,7540290,341159.49,53576
Brand CBrand GBrand LABrand LOBrand MBrand NBrand R,10072410,226643.0930523497,55976.65000000004,39902,13112.890000000001,58206,40658.58249617981,1406759,44645.73179999985,1379555,6.63,3,72242.60875616998,7187985,321314.21,50739
Brand CBrand GBrand LABrand LOBrand MBrand NBrand R,9913914,221137.5483394098,59792.17000000003,44649,14038.370000000006,60859,38132.72290146988,1339526,35736.94919999991,1172914,0.0,0,73437.33623794,7295966,354711.67,55369
Brand CBrand GBrand LABrand LOBrand MBrand NBrand R,10703205,219631.0639154299,57148.25999999998,42938,12466.240000000002,58347,33949.10015972992,1215504,29463.90359999994,975511,5.43,3,86598.13015570004,8410902,351248.35,56728
Brand CBrand GBrand LABrand LOBrand MBrand NBrand R,10664408,225349.40390764968,60279.44999999994,44352,13814.100000000008,61360,34031.88735889989,1222209,31971.263999999926,1057836,6.66,3,85246.04254874992,8278648,350990.23,55689
Brand CBrand GBrand LABrand LOBrand MBrand NBrand R,10675649,219799.41588255984,54611.98,42113,12729.45000000002,60713,34109.95943256991,1236692,32144.731199999907,1061334,0.0,0,86203.29524998998,8274797,357302.91,56481
Brand CBrand GBrand LABrand LOBrand MBrand NBrand R,10303226,224694.85639713984,62757.13999999998,45405,11630.47000000002,49875,32257.668431239923,1188657,31794.708599999918,1040704,3.09,2,86251.77936590002,7978583,365500.0,55962
Brand CBrand GBrand LABrand LOBrand MBrand NBrand R,9679831,217652.6331882698,61262.46999999996,44890,12945.08,66275,29823.915391489943,1132816,30241.38299999994,1001439,0.0,0,83379.78479677996,7434411,361352.44,55345
Brand CBrand GBrand LABrand LOBrand MBrand NBrand R,9522170,227780.36686808974,62893.54,46521,14038.260000000007,68442,34513.79003512985,1221692,34740.94859999993,1108608,5.359999999999999,3,81588.46823295996,7076904,356760.67,54497
Brand CBrand GBrand LABrand LOBrand MBrand NBrand R,9203425,207415.0547156298,55747.85000000002,40947,12608.889999999998,68232,29934.323307369912,1118369,32189.861999999925,1063249,0.0,0,76934.12940825996,6912628,378379.15,58795
Brand CBrand GBrand LABrand LOBrand MBrand NBrand R,8650251,170529.19788386993,49951.09999999999,37982,11076.06,59086,12080.955107659976,656045,25559.209199999954,878079,9.86,4,71852.01357621001,7019055,394530.11,61281
Brand CBrand GBrand LABrand LOBrand MBrand NBrand R,8897887,171490.56825523984,44624.14999999998,35676,8988.020000000004,49739,11576.12923197996,637071,31355.81699999992,1006081,6.23,2,74940.22202326,7169318,357750.26,56675
Brand CBrand GBrand LABrand LOBrand MBrand NBrand R,8841341,175542.09834091988,48754.67,37900,8391.500000000004,47584,11673.907542869974,638610,30296.410799999918,991076,4.0600000000000005,2,76421.54999804996,7126169,366580.36,56042
Brand CBrand GBrand LABrand LOBrand MBrand NBrand R,8570119,182636.47183737,57997.020000000106,41289,11483.67000000001,55993,11182.595074919956,617763,28600.439399999937,955066,8.04,3,73364.70736244998,6900005,364070.22000000003,53681
Brand CBrand GBrand LABrand LOBrand MBrand NBrand R,8619993,186328.8452263199,59671.229999999974,39758,11403.349999999999,54026,10753.748610759976,598762,28218.68759999997,933293,0.0,0,76281.82901556,6994154,345557.86,50964
Brand CBrand GBrand LABrand LOBrand MBrand NBrand R,8558507,191086.03010209987,61044.17999999999,41382,12226.149999999989,59677,11600.293201869981,641305,29565.48539999994,988446,0.0,0,76649.92150022999,6827697,326564.15,47116
Brand CBrand GBrand LABrand LOBrand MBrand NBrand R,8976731,202963.81095909985,68142.65000000001,47407,12761.669999999995,64021,12721.787183899967,694790,33705.19259999992,1128310,4.890000000000001,2,75627.62117519997,7042201,361385.04,52292
Brand CBrand GBrand LABrand LOBrand MBrand NBrand R,9679644,199988.17842385994,66696.63999999998,45136,12332.720000000003,63975,10748.40051479998,637058,28026.20279999994,970919,0.0,0,82184.21510906002,7962556,383280.82,54962
Brand CBrand GBrand LABrand LOBrand MBrand NBrand R,11135852,217867.48646362996,71264.24000000002,49650,12820.170000000004,67729,12300.525176169966,699464,26650.24439999997,933406,0.0,0,94832.30688746,9385603,373203.25,53943
Brand CBrand GBrand LABrand LOBrand MBrand NBrand R,11506077,231924.46547074,65299.35000000006,44111,14068.29,69288,12617.549332739978,717287,41428.70699999992,1273190,0.0,0,98510.56913800005,9402201,360887.67000000004,52559
Brand CBrand GBrand LABrand LOBrand MBrand NBrand R,11772013,243515.59943530985,64811.59000000002,42869,14173.519999999997,66547,13489.000083779954,747689,45253.65119999986,1390430,0.0,0,105787.83815153003,9524478,349416.77,51270
Brand CBrand GBrand LABrand LOBrand MBrand NBrand R,11032908,239899.5767959699,65871.76,43979,13993.69,65041,13527.92706606996,752158,44452.3421999999,1414523,0.0,0,102053.85752990005,8757207,352003.58,50813
Brand CBrand GBrand LABrand LOBrand MBrand NBrand R,10671425,241940.2139982299,70343.69999999997,46166,14101.39000000001,72241,14197.775676079982,744327,48476.62899999992,1512371,0.0,0,94820.71932215003,8296320,334594.77,47440
Brand CBrand GBrand LABrand LOBrand MBrand NBrand R,10793272,240312.7267214599,67920.15000000008,45546,14398.910000000002,67645,14703.27116002996,779554,51328.03749999983,1589711,0.0,0,91962.35806143003,8310816,321194.7,46924
Brand CBrand GBrand LABrand LOBrand MBrand NBrand R,11170488,239135.22048391984,69955.52000000003,47176,14436.049999999996,71675,12092.118580039974,689446,53178.440099999854,1718026,7.94,3,89465.15180388001,8644162,378089.72,54170
Brand CBrand GBrand LABrand LOBrand MBrand NBrand R,10809116,236232.25513091,69287.82000000007,46831,13865.400000000021,68050,12216.659925459982,706935,55389.40639999989,1838000,0.0,0,85472.96880545004,8149300,368765.65,52924
Brand CBrand GBrand LABrand LOBrand MBrand NBrand R,11018579,236050.58687743,68349.0300000001,45650,15609.980000000007,75727,11627.357686759984,629823,50588.38474999991,1693808,0.0,0,89875.83444067,8573571,369195.93,53256
Brand CBrand GBrand LABrand LOBrand MBrand NBrand R,10384658,225985.11488019003,70277.03000000013,47408,14956.499999999987,76349,10954.432572429987,621509,47850.1743499999,1601618,6.71,3,81940.26795776002,8037771,366517.27,51918
Brand CBrand GBrand LABrand LOBrand MBrand NBrand R,10527677,234486.92926217982,72793.48999999998,48549,14655.740000000005,69836,10910.029202619966,648798,53857.211549999876,1794223,7.33,4,82263.12850955999,7966267,358772.74,50836
Brand CBrand GBrand LABrand LOBrand MBrand NBrand R,10406944,240635.66034428988,71571.59000000005,49061,15291.480000000003,66033,11643.742248649964,655294,60880.173799999815,1991986,8.6,4,81240.07429564004,7644566,353732.37,50056
Brand CBrand GBrand LABrand LOBrand MBrand NBrand R,10514544,243225.9435106899,73796.77000000002,49778,15127.910000000005,67253,11322.30183891996,659563,61052.322649999864,1987014,0.0,0,81926.63902177002,7750936,359113.22,52034
Brand CBrand GBrand LABrand LOBrand MBrand NBrand R,10663717,230201.6670674999,69315.52999999997,46904,14382.860000000002,65374,10310.326966460008,633684,53532.8074499999,1786500,0.0,0,82660.14265104002,8131255,367292.08,53506
Brand CBrand GBrand LABrand LOBrand MBrand NBrand R,10616544,226737.3781135999,68835.26,46818,14712.110000000004,64935,10017.431513449985,627184,50700.76859999988,1706495,0.0,0,82471.80800015005,8171112,350712.3,51660
Brand CBrand GBrand LABrand LOBrand MBrand NBrand R,10809113,229085.28844485994,68932.04000000001,46887,14563.140000000005,64566,9936.676618949974,636080,51580.17964999989,1724522,0.0,0,84073.25217591006,8337058,348396.7,50424
Brand CBrand GBrand LABrand LOBrand MBrand NBrand R,10842448,237384.50830753986,69293.48999999998,46625,14904.63000000001,63425,9640.237999819989,630495,62662.56069999991,1886367,0.0,0,80883.58960771997,8215536,341151.98,49368
Brand CBrand GBrand LABrand LOBrand MBrand NBrand R,10536184,238402.40575973992,69972.73000000003,46770,14888.399999999998,61775,10277.208057509974,649219,64428.342649999904,1965558,11.65,4,78824.07505223004,7812858,339619.47000000003,47980
Brand CBrand GBrand LABrand LOBrand MBrand NBrand R,10382293,237690.43844928,69316.8200000001,46267,14580.799999999997,60883,11177.287904479976,670183,66143.98759999993,2062911,0.0,0,76471.5429448,7542049,301894.23000000004,43106
Brand CBrand GBrand LABrand LOBrand MBrand NBrand R,10303219,235729.04386618987,67632.11999999994,45876,14914.200000000003,62223,11959.422632899972,674959,65179.74564999987,2047067,0.0,0,76043.55558329007,7473094,301769.79,43045
Brand CBrand GBrand LABrand LOBrand MBrand NBrand R,10425191,232081.04635209995,67611.66000000006,46752,15176.919999999996,64336,11645.916480369973,675871,61959.69309999991,1938566,0.0,0,75686.85677173,7699666,322731.57,46145
Brand CBrand GBrand LABrand LOBrand MBrand NBrand R,10461442,221826.3942524999,63416.390000000036,43230,13881.590000000018,59377,10475.161553089974,629910,57681.61319999986,1858641,0.0,0,76371.63949941,7870284,319289.31,46588
Brand CBrand GBrand LABrand LOBrand MBrand NBrand R,10722653,232274.15072142973,72261.96999999993,47019,14756.320000000014,64295,11458.855420249978,653861,57537.4731999999,1871437,0.0,0,76259.53210117992,8086041,334410.29,48679
Brand CBrand GBrand LABrand LOBrand MBrand NBrand R,11472575,256064.70946820982,89310.61999999998,58438,15740.38,68430,10802.128880469982,569762,60070.3996499999,1863668,0.0,0,80141.18093773996,8912277,367595.68,52006
Brand CBrand GBrand LABrand LOBrand MBrand NBrand R,12133463,259269.4085567297,76103.64000000001,51559,15374.400000000005,68970,10292.948386769982,561267,71463.84554999975,2009709,0.0,0,86034.57461995995,9441958,350537.33,49548
Brand CBrand GBrand LABrand LOBrand MBrand NBrand R,12645263,281650.48955637973,79969.18000000001,53333,16246.069999999989,72038,19920.63132717994,791237,79591.6684499998,2238898,0.0,0,85922.93977920002,9489757,332176.57,46965
Brand CBrand GBrand LABrand LOBrand MBrand NBrand R,13027760,298600.0116796295,80624.55999999991,55177,17327.46999999999,72988,26134.397625019945,994690,88183.27174999974,2407079,11.12,5,86319.19230460991,9497821,352922.81,50063
Brand CBrand GBrand LABrand LOBrand MBrand NBrand R,13508180,286683.2267109996,78776.43999999996,53498,16815.639999999996,73352,23634.41556804992,948139,78055.1985999998,2170243,8.32,3,89393.21254294994,10262945,363394.45,52362
Brand CBrand GBrand LABrand LOBrand MBrand NBrand R,13715153,278213.7534852499,81927.06999999999,55635,17573.240000000005,81524,19677.201884849957,825969,64482.890449999904,1938829,6.35,3,94547.00115040006,10813193,357153.0,51688
Brand CBrand GBrand LABrand LOBrand MBrand NBrand R,12812695,258842.71645642986,84169.84000000003,57598,18334.57000000001,87186,21976.90814332992,880128,41201.74754999992,1391881,0.0,0,93159.65076309997,10395902,358164.74,51842
Brand CBrand GBrand LABrand LOBrand MBrand NBrand R,12481679,251421.12694394996,83969.30000000013,55886,17581.65999999999,80238,19296.12818726993,798925,40344.01044999995,1361698,9.9,4,90220.12830667995,10184928,346474.37,50631
Brand CBrand GBrand LABrand LOBrand MBrand NBrand R,12629134,280027.0515357,84943.11000000004,54356,17932.690000000006,72274,34082.52658998995,1014848,49212.296800000004,1525508,4.43,3,93851.99814571,9962145,350979.53,50778
Brand CBrand GBrand LABrand LOBrand MBrand NBrand R,13399418,321084.7381116297,86447.38,54390,17507.739999999983,73259,47520.87500730979,1229658,69656.76394999986,1992920,5.43,2,99946.54915432002,10049189,335132.35,48549
Brand CBrand GBrand LABrand LOBrand MBrand NBrand R,13252948,323538.30589927966,91359.34999999999,58195,18964.749999999985,80755,59213.46812043985,1426641,57624.18424999989,1766237,4.22,2,96372.3335288399,9921118,358000.49,51560
Brand CBrand GBrand LABrand LOBrand MBrand NBrand R,13621684,306583.95864556986,87222.66000000005,56830,17110.940000000017,73121,57097.06990922984,1394095,48918.072128829954,1547229,0.0,0,96235.21660751001,10550409,374748.28,54489
Brand CBrand GBrand LABrand LOBrand MBrand NBrand R,13430649,307205.5096422098,90588.16000000006,58210,19332.600000000002,83633,47729.62710388991,1252051,49147.58355600991,1565057,0.0,0,100407.53898230991,10471698,369601.43,53626
Brand CBrand GBrand LABrand LOBrand MBrand NBrand R,12918365,274838.68649641983,75786.6,47859,19585.709999999995,79664,41847.24940670987,1138977,43002.98811045995,1394456,0.0,0,94616.13897925001,10257409,375025.8,54237
Brand CBrand GBrand LABrand LOBrand MBrand NBrand R,12887958,232484.5999745297,32526.089999999997,18312,19134.589999999993,76894,42733.515063489845,1135140,44590.761680309944,1441721,4.78,2,93494.86323072994,10215889,360668.45,53727
Brand CBrand GBrand LABrand LOBrand MBrand NBrand R,13926181,316155.1982062295,101134.12999999979,54231,20146.229999999985,76615,43069.61715873987,1130065,45937.74764999991,1461823,0.0,0,105867.47339748993,11203447,363365.82999999996,53424
Brand CBrand GBrand LABrand LOBrand MBrand NBrand R,13848377,327425.9053590299,93354.71000000002,56638,20645.55,74852,49306.487710839865,1208266,49581.44949999997,1536359,0.0,0,114537.70814819002,10972262,355633.42,50788
Brand CBrand GBrand LABrand LOBrand MBrand NBrand R,13725298,329643.2615324198,94848.31999999998,58559,19653.539999999997,76549,51125.34293763992,1253537,49533.975749999925,1451010,0.0,0,114482.08284478,10885643,355398.87,50978
Brand CBrand GBrand LABrand LOBrand MBrand NBrand R,14614647,331989.47194111993,104344.60000000012,59192,21373.959999999995,83871,45785.59858955984,1212050,45546.89574999995,1432778,0.0,0,114938.41760156002,11826756,406437.63,59044
Brand CBrand GBrand LABrand LOBrand MBrand NBrand R,14697374,345272.5821376498,96257.80999999994,59359,20326.470000000012,84452,39724.63070262993,1080602,76701.80404999983,1876802,3.29,2,112258.57738502014,11596157,395163.76,58501
Brand CBrand GBrand LABrand LOBrand MBrand NBrand R,14762373,357457.8225131496,93859.51999999996,59889,20434.469999999983,84401,35624.0166472499,943183,96146.37229999974,2171180,0.0,0,111393.44356590003,11503720,394689.18000000005,58682
Brand CBrand GBrand LABrand LOBrand MBrand NBrand R,15437425,342453.14230639976,88448.85999999997,58488,19354.790000000005,102294,30408.23288632993,864560,85788.71920999986,2067120,4.43,2,118448.11021006998,12344961,393888.60000000003,58145
Brand CBrand GBrand LABrand LOBrand MBrand NBrand R,15191546,347546.6650865396,87853.87999999998,58369,20443.719999999987,118737,40294.978868779835,981813,75407.26205893981,1851081,11.18,4,123535.64415881995,12181542,388664.43,58614
Brand CBrand GBrand LABrand LOBrand MBrand NBrand R,14316945,337858.0877937299,92316.61000000002,60788,21417.57,115148,51438.57202471989,1069306,51526.672037169934,1461520,0.0,0,121158.66373184003,11610183,372348.5,55630
Brand CBrand GBrand LABrand LOBrand MBrand NBrand R,14383478,357290.1427595598,98862.60000000006,65779,21769.840000000015,118859,60979.53033324981,1169352,54993.76209925991,1517758,6.38,2,120678.03032705002,11511728,395414.11,58627
Brand CBrand GBrand LABrand LOBrand MBrand NBrand R,15422606,388625.5554750393,97820.11999999991,64720,21831.71999999999,120086,49854.59443400981,1082388,97614.31798638964,2308651,0.0,0,121504.80305463998,11846761,422221.2,63208
Brand CBrand GBrand LABrand LOBrand MBrand NBrand R,17048660,478715.84619180195,103687.69999999995,67994,22222.530000000017,142413,36399.85557027993,916928,188470.09671318214,3665324,0.0,0,127935.66390833995,12256001,408954.42,61527
Brand CBrand GBrand LABrand LOBrand MBrand NBrand R,16939459,440503.15615088114,104352.31000000003,63998,22103.37999999999,151965,29338.496562409935,894617,151337.45030659126,3075300,6.17,2,133365.34928187996,12753577,407298.06999999995,63070
Brand CBrand GBrand LABrand LOBrand MBrand NBrand R,16827268,442214.6655644012,96292.38000000002,60072,20645.230000000014,138632,31891.634588819878,1072297,158172.94298345124,3419493,2.39,2,135210.08799213008,12136772,385010.0,61166
Brand CBrand GBrand LABrand LOBrand MBrand NBrand R,14502620,360900.794830651,61226.540000000015,37510,16011.369999999992,111036,28768.33672614989,1021771,148824.52469979122,3134213,0.0,0,106070.02340470995,10198090,341789.68,57930
Brand CBrand GBrand LABrand LOBrand MBrand NBrand R,8855983,205979.60549432994,75663.60000000002,45542,15525.239999999987,97871,6825.543440799992,325682,36640.16035378995,969905,0.0,0,71325.06169973999,7416983,317331.6,51713
Brand CBrand GBrand LABrand LOBrand MBrand NBrand R,8613000,211534.60083307998,86258.97000000009,52111,17197.650000000016,101677,35641.13852983987,1072824,0.0,0,15.2,6,72421.64230324,7386382,330661.42,52528
Brand CBrand GBrand LABrand LOBrand MBrand NBrand R,8692244,200558.4692475499,81580.51999999997,48740,17310.739999999983,101358,21080.85503276989,729474,7943.1879,201458,0.0,0,72643.16631478003,7611214,318193.79000000004,51678
Brand CBrand GBrand LABrand LOBrand MBrand NBrand R,8487141,203338.70848752,82680.71000000002,49406,17783.670000000002,96525,16348.391606939971,610520,12607.426369999986,355395,9.06,3,73909.45051058002,7375292,294193.0,46950
Brand CBrand GBrand LABrand LOBrand MBrand NBrand R,9068046,213731.46037431996,86571.26999999993,51785,18857.81999999998,109233,14556.522118009954,534763,15770.029439999995,479731,0.0,0,77975.81881631011,7892534,329461.52,52012
Brand CBrand GBrand LABrand LOBrand MBrand NBrand R,11172173,250652.24997734002,92438.36000000004,54977,19303.480000000003,116054,14746.181279399963,549129,22444.60827999999,702014,0.0,0,101719.62041794,9749999,367139.77,57869
Brand CBrand GBrand LABrand LOBrand MBrand NBrand R,10474099,263793.33611049986,113044.45999999996,56327,19655.239999999994,117224,14706.343345619978,549589,17983.786498529953,536575,9.81,4,98393.69626634996,9214380,365186.24000000005,57568
Brand CBrand GBrand LABrand LOBrand MBrand NBrand R,10306315,267389.65702052007,113934.90000000011,53603,20300.15,118846,15274.087894059972,570342,20665.25819080993,642176,11.66,5,97203.60093565003,8921343,342202.47000000003,52483
Brand CBrand GBrand LABrand LOBrand MBrand NBrand R,9995398,262990.5256357099,117114.41000000003,51466,20954.719999999994,120417,14785.525735319961,549172,19589.88538091999,630378,0.0,0,90545.98451946997,8643965,339226.57,52391
Brand CBrand GBrand LABrand LOBrand MBrand NBrand R,10111132,266103.00434412004,122345.60000000022,49929,20241.669999999984,115873,14201.478063009969,493068,18308.441374859958,587689,0.0,0,91005.81490624993,8864573,345001.57,54905
Brand CBrand GBrand LABrand LOBrand MBrand NBrand R,12455386,544324.3553528301,319213.72000000026,110036,53890.90999999995,293081,15234.74241411001,512383,21563.559922570003,653681,27.2,8,134394.22301614995,10886197,1146792.04,157855
Brand CBrand GBrand LABrand LOBrand MBrand NBrand R,13646966,750918.2928524502,472621.3000000002,97047,59419.359999999986,260171,16694.441121879983,566781,33240.70178488992,916075,13.65,2,168928.83994567997,11806890,1099245.75,156924
Brand CBrand GBrand LABrand LOBrand MBrand NBrand R,12628788,373576.64617212996,171264.71000000005,54667,35163.94999999999,164195,16566.33675265995,575890,27523.61828840997,851225,0.0,0,123058.03113106002,10982811,632515.82,93988
Brand CBrand GBrand LABrand LOBrand MBrand NBrand R,10699829,242360.41478982967,96702.6899999998,41592,17971.899999999972,116106,10418.791528209984,446675,26222.515629509962,835390,0.0,0,91044.51763210996,9260066,278060.77,42180
Brand CBrand GBrand LABrand LOBrand MBrand NBrand R,10101651,236666.34224481,95373.2800000001,41283,19250.109999999968,111050,9939.276754519982,422356,24541.43995727998,815770,11.01,4,87551.22553300994,8711188,275056.39999999997,41126
Brand CBrand GBrand LABrand LOBrand MBrand NBrand R,10252742,240699.23537606,99480.94999999994,44208,20022.560000000016,118856,9602.482049579994,416764,22856.65729523999,784664,10.52,5,88726.06603124007,8888245,297098.14,44705
Brand CBrand GBrand LABrand LOBrand MBrand NBrand R,10841108,233204.39166706006,94708.76000000008,44628,18905.80999999998,116150,9030.499863099994,424996,20544.25293211997,704142,9.72,4,90005.34887184002,9551188,316149.01,48255
Brand CBrand GBrand LABrand LOBrand MBrand NBrand R,11469861,237944.9521717898,91860.54999999994,43336,18212.990000000013,113792,8210.798783559983,357650,22969.172638079912,772809,17.080000000000002,7,96674.36075014995,10182267,324012.35,49373
Brand CBrand GBrand LABrand LOBrand MBrand NBrand R,11452206,243378.70320390008,89821.38000000009,43660,18175.370000000014,117869,17526.90070476997,618631,23247.93537474997,802718,5.8100000000000005,2,94601.30712438001,9869326,335078.3,50574
Brand CBrand GBrand LABrand LOBrand MBrand NBrand R,11831669,255090.37357791988,94969.26000000004,43695,18214.509999999984,112888,20715.307720439945,742581,22711.268401639976,776026,0.0,0,98480.02745583993,10156479,345969.63,51955
Brand CBrand GBrand LABrand LOBrand MBrand NBrand R,12475636,252371.82087138,91717.96000000008,42066,17304.07,108339,20642.80110704992,740951,22785.3843206,747243,5.029999999999999,2,99916.57544372999,10837035,342026.05,51264
Brand CBrand GBrand LABrand LOBrand MBrand NBrand R,12713841,252919.5885377001,92614.69000000003,42100,17382.390000000025,103866,21322.31478003996,744267,24246.944753459953,796461,6.779999999999999,2,97346.46900420013,11027145,319682.28,47813
Brand CBrand GBrand LABrand LOBrand MBrand NBrand R,12029411,257223.07631873997,95587.46,42985,17970.96999999999,112566,19691.229776859956,708841,23316.70947661996,782547,8.51,2,100648.1970652601,10382470,333411.89999999997,49601
Brand CBrand GBrand LABrand LOBrand MBrand NBrand R,12960742,253769.37867237997,95435.61000000002,42402,17596.979999999992,115354,17011.512437199977,627705,21163.06889757997,703363,5.99,3,102556.21733760001,11471915,353071.96,53886
Brand CBrand GBrand LABrand LOBrand MBrand NBrand R,12958301,259423.64904917998,96787.11999999998,46295,18774.790000000015,117974,16276.32397274995,596159,22093.71542992999,718672,6.44,3,105485.25964650005,11479198,360987.83,53811
Brand CBrand GBrand LABrand LOBrand MBrand NBrand R,13172701,262195.15526895,96759.52999999994,45222,19568.609999999993,116416,15316.105121779963,593238,21845.125926129964,702982,11.26,4,108694.52422104013,11714839,355465.54000000004,54291
Brand CBrand GBrand LABrand LOBrand MBrand NBrand R,13911899,266119.13978973,96961.97000000006,44708,18707.43999999998,111205,14433.210809159966,574327,20966.864343309964,681671,4.77,2,115044.88463726004,12499986,353231.07,54369
Brand CBrand GBrand LABrand LOBrand MBrand NBrand R,13655160,263927.4659948203,93463.91000000009,43992,17930.419999999995,106492,14161.562370139985,558393,20733.594857269993,650678,7.33,2,117630.64876741025,12295603,358290.95,55402
Brand CBrand GBrand LABrand LOBrand MBrand NBrand R,13736732,275448.41715801007,95996.78000000007,45531,18753.209999999974,117017,15949.054877589942,575721,23626.69481299995,751845,6.43,3,121116.24746742012,12246615,340843.67,52509
Brand CBrand GBrand LABrand LOBrand MBrand NBrand R,14742992,277926.6798384899,98344.38999999993,45292,18861.499999999996,115815,16299.131136849981,576794,22260.592530239963,733414,9.59,4,122151.47617140002,13271673,355489.44,55274
Brand CBrand GBrand LABrand LOBrand MBrand NBrand R,14618013,255098.05186422018,82894.59000000011,38180,17444.480000000007,110824,14604.029730699971,571381,19691.17611135997,652546,8.03,3,120455.74602216012,13245079,360962.57999999996,56565
Brand CBrand GBrand LABrand LOBrand MBrand NBrand R,10572196,202442.90797469005,88617.13000000003,41293,16534.689999999973,110669,9283.832378479978,411444,16959.643932809973,551355,0.0,0,71047.6116634001,9457435,348282.14,56244
Brand CBrand GBrand LABrand LOBrand MBrand NBrand R,8758168,189790.27152399992,86014.63999999994,41246,16965.209999999985,110925,8785.71042727998,402347,17043.36015948998,532626,5.13,2,60976.220937230006,7671022,333710.76,53300
Brand CBrand GBrand LABrand LOBrand MBrand NBrand R,9135396,196094.29764303993,86040.96999999997,41506,17193.89,111146,9236.10654040999,418424,17200.48356635,551317,21.35,7,66401.49753627996,8012996,338311.68,54303
Brand CBrand GBrand LABrand LOBrand MBrand NBrand R,8741911,195702.63152551014,88655.10000000008,42301,16627.330000000005,112935,10917.305436139966,506225,16380.96349861003,534978,171.39,49,62950.542590760044,7545423,328138.46,52111
Brand CBrand GBrand LABrand LOBrand MBrand NBrand R,8131452,201985.69736952006,93946.00000000009,44703,16784.28999999998,128784,9333.502541069982,403266,17706.77200751999,561057,109.38999999999999,46,64105.74282093004,6993596,312993.69,47854
Brand CBrand GBrand LABrand LOBrand MBrand NBrand R,9384408,207859.94508471998,95888.12999999999,45951,17842.049999999996,132656,9202.336938689992,432032,17603.641371389967,579174,94.15999999999998,40,67229.62677464004,8194555,324959.69,49942
Brand CBrand GBrand LABrand LOBrand MBrand NBrand R,9282097,198433.55559252,91030.59999999999,44046,16011.069999999983,131976,8673.436146369992,403320,15235.289648549975,508871,98.24,42,67384.91979760006,8193842,329618.68,51149
Brand CBrand GBrand LABrand LOBrand MBrand NBrand R,8951707,182003.57029162993,77396.82999999993,38096,11970.779999999999,98461,8908.358809349984,390770,16553.00099739997,530097,89.54,34,67085.06048488006,7894249,304788.29,48017
Brand CBrand GBrand LABrand LOBrand MBrand NBrand R,8774442,154667.03196218002,53668.35000000005,30261,9201.619999999997,69597,8754.969768849995,399197,16965.177188369984,545818,57.91,24,66019.00500496,7729545,287221.72000000003,46754
Brand CBrand GBrand LABrand LOBrand MBrand NBrand R,9717150,165343.89792982006,53873.26000000007,29986,8866.39,66635,8573.420075309989,388484,16566.04764543,549875,55.67,26,77409.11020908003,8682144,279641.37,46118
Brand CBrand GBrand LABrand LOBrand MBrand NBrand R,11154450,168108.10767985,53093.62000000006,28951,8618.52,68008,8366.69622442999,376056,16329.286063049978,542745,100.75,44,81599.23539237,10138646,277295.77,44903
Brand CBrand GBrand LABrand LOBrand MBrand NBrand R,9379571,165129.62395810004,54318.52000000003,28428,8600.759999999998,63314,8532.585191769987,377812,17538.75534447996,593551,96.64,35,76042.36342185007,8316431,250099.71999999997,41496
Brand CBrand GBrand LABrand LOBrand MBrand NBrand R,9062594,165708.33577731997,54705.689999999944,28908,9006.119999999999,65309,8453.00697961,377727,17439.714323169977,608211,91.42000000000004,41,76012.38447454007,7982398,256218.48,41785
Brand CBrand GBrand LABrand LOBrand MBrand NBrand R,9891465,167796.7716892901,53464.29000000006,29392,8473.18000000001,67922,8376.89201565999,376377,20441.40418657999,596742,98.50999999999999,43,76942.49548705004,8820989,263395.74,43368
Brand CBrand GBrand LABrand LOBrand MBrand NBrand R,10437329,178314.60589550008,47988.06999999995,27731,8479.429999999995,73399,7868.943530429999,344113,27805.08678273999,701766,166.86999999999998,69,86006.20558233013,9290251,251334.37,41484
Brand CBrand GBrand LABrand LOBrand MBrand NBrand R,10610697,168113.48486333,39406.73000000002,24893,6683.299999999993,54282,7402.456163859985,314098,26383.531425229972,688044,137.70000000000002,58,88099.76727424006,9529322,247559.77,41043
Brand CBrand GBrand LABrand LOBrand MBrand NBrand R,9372344,158444.17657044,40522.19,25493,6638.120000000001,54902,7505.74887937999,321983,28047.719992609986,703651,263.88,123,75466.51769845003,8266192,243651.07999999996,40597
Brand CBrand GBrand LABrand LOBrand MBrand NBrand R,8954233,154305.55024079003,39769.11000000002,25122,6714.120000000003,56881,7459.153469099998,319806,23896.33503538,677980,225.78,101,76241.05173631001,7874343,239050.72999999998,39568
Brand CBrand GBrand LABrand LOBrand MBrand NBrand R,8952858,155848.59543556004,40094.14000000003,24690,6697.69,56434,7104.357232469995,303554,24531.909166729954,707886,224.81,114,77195.68903636005,7860180,219288.11000000002,36682
Brand CBrand GBrand LABrand LOBrand MBrand NBrand R,8919614,156817.66909643,40954.64999999995,25828,6833.880000000001,56438,6954.136435800008,299812,25329.349693579985,734319,231.15999999999994,100,76514.49296705006,7803117,230798.42,38978
Brand CBrand GBrand LABrand LOBrand MBrand NBrand R,9207707,154777.05370207998,41896.050000000025,27093,6925.46,52657,6945.034178850005,298620,21718.87991306997,631889,359.42999999999984,185,76932.19961016,8197263,244247.53999999998,40587
Brand CBrand GBrand LABrand LOBrand MBrand NBrand R,9505372,154323.2796293,41753.89000000001,26273,6540.959999999999,54051,6968.014705669992,294612,23504.695368049954,665833,321.69,160,75234.02955558004,8464443,244149.2,39875
Brand CBrand GBrand LABrand LOBrand MBrand NBrand R,9394476,157722.26135969997,41433.46000000001,25704,6712.870000000003,55925,6975.655428719988,299551,24325.031788830005,674017,16.41,6,78258.83414214998,8339273,241213.77999999997,39990
Brand CBrand GBrand LABrand LOBrand MBrand NBrand R,9513088,161937.29011229004,41755.950000000026,25830,6764.02,57946,6823.181559789997,303731,25601.07430080993,795512,12.29,3,80980.77425169008,8330066,235462.21,38869
Brand CBrand GBrand LABrand LOBrand MBrand NBrand R,10055854,161218.29472101005,41814.18000000002,26019,6721.5999999999985,54393,6824.696194519984,305897,25462.581538279977,813536,24.57,6,80370.66698821005,8856003,227271.06,38281
Brand CBrand GBrand LABrand LOBrand MBrand NBrand R,10075094,163726.19777077003,42328.000000000044,26839,6813.659999999999,57235,7023.756070609991,313420,25146.74277931996,828109,51.730000000000004,14,82362.30892084003,8849477,219432.47999999998,36400
Brand CBrand GBrand LABrand LOBrand MBrand NBrand R,10548893,163544.54401155005,43157.94000000001,27824,6809.6399999999985,52407,6703.237916359991,300505,24131.16825252998,808049,67.34,19,82675.21784266009,9360089,231000.62999999998,38363
Brand CBrand GBrand LABrand LOBrand MBrand NBrand R,10282196,161042.92604711006,42628.29000000002,27546,6594.709999999999,51267,6429.821355969988,289737,22132.641637509976,737646,19.130000000000003,9,83238.33305363006,9175991,240413.66,40224
Brand CBrand GBrand LABrand LOBrand MBrand NBrand R,10596414,167434.40671091998,40444.69999999997,26728,6637.530000000001,54960,6504.002682609995,292171,23468.82847208,764145,5.609999999999999,2,90373.73555623002,9458408,245143.78,40315
Brand CBrand GBrand LABrand LOBrand MBrand NBrand R,10214864,189869.26730072,55961.38000000004,32580,7348.3099999999995,63739,6806.914498419985,300486,24674.942991639946,794564,6.82,3,95070.89981066005,9023492,262934.67,42233
Brand CBrand GBrand LABrand LOBrand MBrand NBrand R,9279888,189372.18534513007,64263.22000000007,30364,7214.979999999999,64914,5752.249707839997,259937,27422.68232065995,823078,0.0,0,84719.05331663006,8101595,267746.91000000003,42853
Brand CBrand GBrand LABrand LOBrand MBrand NBrand R,8986375,157051.28419681004,54253.01999999998,28233,10189.630000000005,82830,1309.4888070599993,98792,26719.224353489975,855707,0.0,0,64579.921036260086,7920813,267641.64,43952
Brand CBrand GBrand LABrand LOBrand MBrand NBrand R,8825032,174063.65086375,51432.439999999966,27989,8828.810000000009,66705,923.0972325899983,77412,26866.530421709966,825509,6.109999999999999,3,86006.66320945005,7827414,254186.46,41388
Brand CBrand GBrand LABrand LOBrand MBrand NBrand R,8338884,152932.2050196901,50753.32000000005,27045,8900.890000000007,63937,970.7455780599987,81113,27554.35912112998,845163,5.12,2,64747.77032050006,7321624,254319.59,41142
Brand CBrand GBrand LABrand LOBrand MBrand NBrand R,8704265,152927.02729202996,50948.07999999997,27802,8837.850000000002,66168,1029.6508392499993,80140,26386.083533969955,855211,0.0,0,65725.36291881003,7674944,288356.95,46938
Brand CBrand GBrand LABrand LOBrand MBrand NBrand R,9321395,152174.37267598,48407.22000000001,26416,8575.460000000001,65597,1029.7624812599997,77332,25067.417683809996,779175,9.13,4,69085.38251091001,8372871,288167.13,45908
Brand CBrand GBrand LABrand LOBrand MBrand NBrand R,10019076,158082.26859207998,49646.439999999944,26394,8686.36,65685,1195.3087782600014,83639,24865.63542715999,756597,0.0,0,73688.52438666004,9086761,286992.84,46365
Brand CBrand GBrand LABrand LOBrand MBrand NBrand R,9137195,161381.15034154995,51149.69999999998,26918,8900.950000000003,71608,1041.4034354000007,72835,24891.158518499957,752472,10.06,3,75387.87838765001,8213359,292712.08,46879
Brand CBrand GBrand LABrand LOBrand MBrand NBrand R,8654769,161415.19329677,51079.35000000005,27688,8859.599999999997,72426,885.4370064199991,61065,24513.973643259953,754724,6.92,2,76069.91264709001,7738864,294728.83999999997,46785
Brand CBrand GBrand LABrand LOBrand MBrand NBrand R,8287831,161806.68297462005,52271.350000000035,28813,9009.51,70082,940.2007782200004,45401,25902.792317969972,816554,8.32,3,73674.50987843005,7326978,289086.05,46076
Brand CBrand GBrand LABrand LOBrand MBrand NBrand R,8685599,159686.68936730988,52050.659999999974,29461,8827.099999999999,69710,670.65232968,28104,24501.478845809983,794715,0.0,0,73636.79819181994,7763609,299399.49,48867
Brand CBrand GBrand LABrand LOBrand MBrand NBrand R,9147124,155453.39857480003,50473.74000000004,28369,8566.820000000003,69018,807.2534175900016,48798,20555.640346789973,705770,2.38,2,75047.56481042002,8295167,308785.3,49380
Brand CBrand GBrand LABrand LOBrand MBrand NBrand R,8861029,152741.0024340601,49446.710000000065,28127,8883.550000000005,70053,765.4748528399989,44771,20602.416880559987,691566,12.7,4,73030.15070066003,8026508,299534.42,48804
Brand CBrand GBrand LABrand LOBrand MBrand NBrand R,8870265,153031.65797215005,50266.91,28516,8791.009999999998,68097,783.4993642800011,45325,20033.26686039997,683714,6.470000000000001,2,73150.50174747007,8044611,307303.66,49210
Brand CBrand GBrand LABrand LOBrand MBrand NBrand R,8566197,151971.73599948006,48836.24000000006,28759,8708.49999999999,67434,868.1654242300001,51960,20313.412868669962,692881,5.359999999999999,2,73240.05770658003,7725161,297974.94,49071
Brand CBrand GBrand LABrand LOBrand MBrand NBrand R,8850371,160651.10649677,51801.29999999996,29487,8866.10999999998,71354,912.3054691100002,50995,20418.527841939987,697105,4.699999999999999,2,78648.16318572006,8001428,303982.13999999996,48716
Brand CBrand GBrand LABrand LOBrand MBrand NBrand R,9178475,163914.35089361004,54293.63,31864,8936.08999999999,73056,948.8124668399985,47522,21035.324492019972,722152,9.02,3,78691.47393475007,8303878,298014.64,46793
Brand CBrand GBrand LABrand LOBrand MBrand NBrand R,9130713,162038.30979321004,53945.82000000006,32116,9158.359999999988,73229,1104.3956106,58807,21047.837818729975,722685,13.84,5,76768.05636388002,8243871,320445.11,50014
Brand CBrand GBrand LABrand LOBrand MBrand NBrand R,8965829,148376.03976134,51427.200000000026,29531,8780.76999999999,69678,1096.05477573,72065,16716.358223839994,589362,0.0,0,70355.65676177,8205193,332966.77,52064
